sample_id,image_path,encounter_risk
00105d82af2414bf,train/00105d82af2414bf.jpg,0
004f8f611a2d6ff8,train/004f8f611a2d6ff8.jpg,0
00543b16d0375b3c,train/00543b16d0375b3c.jpg,0
005b2917c60e65f4,train/005b2917c60e65f4.jpg,0
008da86f159c21e4,train/008da86f159c21e4.jpg,0
0092786ec39f5cd9,train/0092786ec39f5cd9.jpg,0
009592383322727c,train/009592383322727c.jpg,0
00a1710f9a87e344,train/00a1710f9a87e344.jpg,1
00c0d128713da2db,train/00c0d128713da2db.jpg,1
010ea4f3f75b3062,train/010ea4f3f75b3062.jpg,0
011063bee8913f4a,train/011063bee8913f4a.jpg,0
0135d44f3d3153d7,train/0135d44f3d3153d7.jpg,0
0138bb0d8f83c997,train/0138bb0d8f83c997.jpg,0
014a968392dd533a,train/014a968392dd533a.jpg,0
016888b60bf62dcb,train/016888b60bf62dcb.jpg,0
0182161589bf145e,train/0182161589bf145e.jpg,0
01d3518f86171391,train/01d3518f86171391.jpg,0
01e1c17eec01a2fb,train/01e1c17eec01a2fb.jpg,1
022e927bd1bf6654,train/022e927bd1bf6654.jpg,0
023aa8b4c4cf205f,train/023aa8b4c4cf205f.jpg,0
024db68871bc9cc9,train/024db68871bc9cc9.jpg,0
0255370b9c3eebe4,train/0255370b9c3eebe4.jpg,0
025a51c24368b843,train/025a51c24368b843.jpg,1
025fb67debad25f8,train/025fb67debad25f8.jpg,0
02718e92b486bd90,train/02718e92b486bd90.jpg,0
027a39511a65ccae,train/027a39511a65ccae.jpg,0
028065b41c8b0cd2,train/028065b41c8b0cd2.jpg,1
02f56a9055cfbf1c,train/02f56a9055cfbf1c.jpg,0
03111811fc646c5d,train/03111811fc646c5d.jpg,0
031d0362be5a807f,train/031d0362be5a807f.jpg,1
032098ee45b1a387,train/032098ee45b1a387.jpg,0
032503b0bba92a3b,train/032503b0bba92a3b.jpg,1
032a3e6432412689,train/032a3e6432412689.jpg,0
035b10d96b7a1915,train/035b10d96b7a1915.jpg,0
035c10578edfd088,train/035c10578edfd088.jpg,0
03710f2b7cefd386,train/03710f2b7cefd386.jpg,0
0380882f715810ce,train/0380882f715810ce.jpg,0
03ca7edf0e168c2c,train/03ca7edf0e168c2c.jpg,0
043b96e7da5719d4,train/043b96e7da5719d4.jpg,1
046cb7b020dde2dd,train/046cb7b020dde2dd.jpg,0
04d68c692b673ccf,train/04d68c692b673ccf.jpg,0
04e3b1ec6a46c729,train/04e3b1ec6a46c729.jpg,0
05217523dda7f9a2,train/05217523dda7f9a2.jpg,0
05354fa53445bbbe,train/05354fa53445bbbe.jpg,1
058099128d2b30a2,train/058099128d2b30a2.jpg,0
05881ca0aa4bd89c,train/05881ca0aa4bd89c.jpg,1
05a3b80105ded291,train/05a3b80105ded291.jpg,0
05af6d99b78d1ff1,train/05af6d99b78d1ff1.jpg,0
05f47ee9e853995f,train/05f47ee9e853995f.jpg,0
05fe531adfb7bec3,train/05fe531adfb7bec3.jpg,0
06216e6960eabc34,train/06216e6960eabc34.jpg,0
06377f94c7ecb1e6,train/06377f94c7ecb1e6.jpg,0
06414ad44cce8738,train/06414ad44cce8738.jpg,0
0667b6d1a59517e0,train/0667b6d1a59517e0.jpg,0
0679d2ac1223cd1c,train/0679d2ac1223cd1c.jpg,0
0691f6d3e14ce84d,train/0691f6d3e14ce84d.jpg,0
069b2f4bde7e8bb4,train/069b2f4bde7e8bb4.jpg,1
06ab0bdb2ad33a32,train/06ab0bdb2ad33a32.jpg,0
06fd74b069e0dcc0,train/06fd74b069e0dcc0.jpg,0
0740f3f4382a7345,train/0740f3f4382a7345.jpg,0
0755d3e0dc72d704,train/0755d3e0dc72d704.jpg,1
07958826eec9d81b,train/07958826eec9d81b.jpg,0
0797b52921a241ce,train/0797b52921a241ce.jpg,1
07e114c19d2bb8bc,train/07e114c19d2bb8bc.jpg,0
07e26a0cd25a1850,train/07e26a0cd25a1850.jpg,0
07e855feae1cdce0,train/07e855feae1cdce0.jpg,1
080bac666c54a645,train/080bac666c54a645.jpg,0
0813c79664284afe,train/0813c79664284afe.jpg,1
081f8ae518c82607,train/081f8ae518c82607.jpg,0
0845c572c946c9fe,train/0845c572c946c9fe.jpg,0
08763956ca33386e,train/08763956ca33386e.jpg,1
08b71144af27a82f,train/08b71144af27a82f.jpg,1
08ce6c80909c42cf,train/08ce6c80909c42cf.jpg,0
08d7c5391be95792,train/08d7c5391be95792.jpg,0
08f0c245815d0906,train/08f0c245815d0906.jpg,0
092339e11ab39707,train/092339e11ab39707.jpg,1
092e65dfa4b60571,train/092e65dfa4b60571.jpg,0
0945b34cad8994e7,train/0945b34cad8994e7.jpg,1
09596627f6bdb938,train/09596627f6bdb938.jpg,0
09a48056f8fe6a08,train/09a48056f8fe6a08.jpg,0
09afacac687dd0c3,train/09afacac687dd0c3.jpg,0
0a4126ad75735614,train/0a4126ad75735614.jpg,0
0a4bf62788e7fc66,train/0a4bf62788e7fc66.jpg,0
0a5e0e977ffdb279,train/0a5e0e977ffdb279.jpg,1
0a5e31aa77e8606f,train/0a5e31aa77e8606f.jpg,0
0a6e53bddfeb3733,train/0a6e53bddfeb3733.jpg,0
0a721425189ebf4d,train/0a721425189ebf4d.jpg,0
0a7658361a4f815a,train/0a7658361a4f815a.jpg,0
0a9b09636fa7156d,train/0a9b09636fa7156d.jpg,1
0aaa7cd3367d2ed0,train/0aaa7cd3367d2ed0.jpg,0
0aaecdacf448c0a0,train/0aaecdacf448c0a0.jpg,1
0aaedd34d315ee69,train/0aaedd34d315ee69.jpg,1
0ab90c85cc7be785,train/0ab90c85cc7be785.jpg,1
0ad1befe0f0c3f19,train/0ad1befe0f0c3f19.jpg,0
0ad6a90ca47ab52b,train/0ad6a90ca47ab52b.jpg,0
0ae7bfda01fb03d9,train/0ae7bfda01fb03d9.jpg,0
0b296f543e404072,train/0b296f543e404072.jpg,1
0b456c9e667b5d73,train/0b456c9e667b5d73.jpg,0
0b55a13b051f7d17,train/0b55a13b051f7d17.jpg,1
0b5ee80e469b5aad,train/0b5ee80e469b5aad.jpg,1
0b69018db4af47cf,train/0b69018db4af47cf.jpg,0
0b7cecc99c4cc472,train/0b7cecc99c4cc472.jpg,1
0b9703248e10ab47,train/0b9703248e10ab47.jpg,0
0bc07c6ad7ace150,train/0bc07c6ad7ace150.jpg,0
0be41893d2265e37,train/0be41893d2265e37.jpg,0
0c035aba6fa7ef61,train/0c035aba6fa7ef61.jpg,0
0c0c5d2392d85c97,train/0c0c5d2392d85c97.jpg,1
0c14d634a7adf755,train/0c14d634a7adf755.jpg,0
0c1a3d73e378e476,train/0c1a3d73e378e476.jpg,1
0c2e7951249e395a,train/0c2e7951249e395a.jpg,0
0c2e808d25ce75ae,train/0c2e808d25ce75ae.jpg,1
0c3ef220645803b8,train/0c3ef220645803b8.jpg,0
0c57c7c8d0c496c1,train/0c57c7c8d0c496c1.jpg,1
0c6364d5b7b3dc0a,train/0c6364d5b7b3dc0a.jpg,0
0c785bfee2373768,train/0c785bfee2373768.jpg,0
0c8b84bb18445c5a,train/0c8b84bb18445c5a.jpg,1
0caef14f8da5242f,train/0caef14f8da5242f.jpg,0
0cfb398fcc0778b3,train/0cfb398fcc0778b3.jpg,1
0d3b99ef2bae97b9,train/0d3b99ef2bae97b9.jpg,1
0d4ae77ac0315a38,train/0d4ae77ac0315a38.jpg,0
0d5d20649ab0757a,train/0d5d20649ab0757a.jpg,0
0d5e3573d954ab78,train/0d5e3573d954ab78.jpg,0
0d69f7f89a327b0f,train/0d69f7f89a327b0f.jpg,0
0d9030657b072095,train/0d9030657b072095.jpg,0
0d9833e41b206c2a,train/0d9833e41b206c2a.jpg,1
0db1f727e460193b,train/0db1f727e460193b.jpg,0
0ddeffc3d9a69876,train/0ddeffc3d9a69876.jpg,0
0de51d9796dfe23f,train/0de51d9796dfe23f.jpg,1
0df6b11f5c488d81,train/0df6b11f5c488d81.jpg,0
0e3a8ea332976d4c,train/0e3a8ea332976d4c.jpg,0
0e9fd4e1049854d3,train/0e9fd4e1049854d3.jpg,1
0ea52ff54e03b41b,train/0ea52ff54e03b41b.jpg,0
0ebd86b3acaa7a92,train/0ebd86b3acaa7a92.jpg,0
0ec1875422c714de,train/0ec1875422c714de.jpg,1
0ed40d63260d1e6b,train/0ed40d63260d1e6b.jpg,0
0ed76541919fe381,train/0ed76541919fe381.jpg,0
0f005651d7aba9ab,train/0f005651d7aba9ab.jpg,1
0f3b8fff33c98c80,train/0f3b8fff33c98c80.jpg,0
0f46edb75192a78a,train/0f46edb75192a78a.jpg,0
0f69f84aacc3233e,train/0f69f84aacc3233e.jpg,0
0f9440ad08680f83,train/0f9440ad08680f83.jpg,0
0f9b592d20e75e5d,train/0f9b592d20e75e5d.jpg,0
0fb77dbc44ea26ea,train/0fb77dbc44ea26ea.jpg,0
102662c063dde47c,train/102662c063dde47c.jpg,0
1062b32dd3fc36c7,train/1062b32dd3fc36c7.jpg,0
108654be9b7bf385,train/108654be9b7bf385.jpg,0
109b7530b2ade084,train/109b7530b2ade084.jpg,0
109b7671b394b897,train/109b7671b394b897.jpg,0
109ef79525519994,train/109ef79525519994.jpg,0
10bd8980d8b631ad,train/10bd8980d8b631ad.jpg,0
10f6a8bac73cf5fc,train/10f6a8bac73cf5fc.jpg,1
112e715d1d1e7953,train/112e715d1d1e7953.jpg,0
11428461af317942,train/11428461af317942.jpg,0
115c2d0b47a66dd5,train/115c2d0b47a66dd5.jpg,1
1188f3352bdd0fac,train/1188f3352bdd0fac.jpg,0
11b00aa57ee13803,train/11b00aa57ee13803.jpg,0
1205fa8c8a965dca,train/1205fa8c8a965dca.jpg,0
12175faaec6b73fa,train/12175faaec6b73fa.jpg,1
123f890968bb2708,train/123f890968bb2708.jpg,0
125a37300b500e21,train/125a37300b500e21.jpg,0
125b760680567db5,train/125b760680567db5.jpg,0
1278471f448ad57c,train/1278471f448ad57c.jpg,0
12838f33f0ff479e,train/12838f33f0ff479e.jpg,0
129548998eb62caa,train/129548998eb62caa.jpg,1
12b2e2b5c5e021ff,train/12b2e2b5c5e021ff.jpg,0
12b863b15c0577f8,train/12b863b15c0577f8.jpg,0
12d63c33035f3d6c,train/12d63c33035f3d6c.jpg,0
12f8920c4e803ad0,train/12f8920c4e803ad0.jpg,1
1302c87a6c52a0ea,train/1302c87a6c52a0ea.jpg,1
1310c1e8444e7b19,train/1310c1e8444e7b19.jpg,0
131754a26454b8ba,train/131754a26454b8ba.jpg,0
13195ab2b1709ecb,train/13195ab2b1709ecb.jpg,1
1326f2a90b0dc2d2,train/1326f2a90b0dc2d2.jpg,1
1331e9b075029399,train/1331e9b075029399.jpg,0
133c248fa014fec0,train/133c248fa014fec0.jpg,1
1361a7de19d10a54,train/1361a7de19d10a54.jpg,0
13934f871f7a4cbe,train/13934f871f7a4cbe.jpg,0
13a5ca2b21f848c5,train/13a5ca2b21f848c5.jpg,0
13a823d3ca796220,train/13a823d3ca796220.jpg,1
13d9806bbf3470f5,train/13d9806bbf3470f5.jpg,0
13e667870b95c01b,train/13e667870b95c01b.jpg,1
13fa71921fdcb928,train/13fa71921fdcb928.jpg,1
1401f96d2cb2f7f1,train/1401f96d2cb2f7f1.jpg,1
142337c5c04895e7,train/142337c5c04895e7.jpg,0
147d090c8179ee2a,train/147d090c8179ee2a.jpg,0
1484033a15e91292,train/1484033a15e91292.jpg,1
14db9046b91e80d7,train/14db9046b91e80d7.jpg,0
14f09b05f692e022,train/14f09b05f692e022.jpg,0
150226d23f8617da,train/150226d23f8617da.jpg,0
15388edc77a8df0b,train/15388edc77a8df0b.jpg,0
15774dc188ee2a7f,train/15774dc188ee2a7f.jpg,0
159b02645ff47a3b,train/159b02645ff47a3b.jpg,1
15be6242584280de,train/15be6242584280de.jpg,0
15bfc85f65caa191,train/15bfc85f65caa191.jpg,0
15cb96e1c84e3cac,train/15cb96e1c84e3cac.jpg,0
15d319ccf0cd76ee,train/15d319ccf0cd76ee.jpg,1
1623c8f8855fd138,train/1623c8f8855fd138.jpg,0
162cd98f0f6085f2,train/162cd98f0f6085f2.jpg,0
1631868044748d16,train/1631868044748d16.jpg,1
1633895b5f7fdc28,train/1633895b5f7fdc28.jpg,1
16431e931ea9c755,train/16431e931ea9c755.jpg,0
1657616c6b46e190,train/1657616c6b46e190.jpg,0
165c6c6e3574fcdb,train/165c6c6e3574fcdb.jpg,1
16a96fe40525c7b5,train/16a96fe40525c7b5.jpg,0
16d799d58cca24e7,train/16d799d58cca24e7.jpg,0
16dc037eecb0e4e9,train/16dc037eecb0e4e9.jpg,0
16dcd6be1c3ca53d,train/16dcd6be1c3ca53d.jpg,0
16e994e962528dd1,train/16e994e962528dd1.jpg,0
1719e5e1e5e592e8,train/1719e5e1e5e592e8.jpg,0
172e82c2ecbe85d2,train/172e82c2ecbe85d2.jpg,0
174798b9b395c448,train/174798b9b395c448.jpg,0
176397824dc45b2a,train/176397824dc45b2a.jpg,1
17732f73096f7098,train/17732f73096f7098.jpg,1
1793379aa0ac845d,train/1793379aa0ac845d.jpg,0
17ade5fcca0355e8,train/17ade5fcca0355e8.jpg,0
17b920d12b94625f,train/17b920d12b94625f.jpg,1
17c47afe9a5045d1,train/17c47afe9a5045d1.jpg,0
17edc0340980cdc4,train/17edc0340980cdc4.jpg,0
17f9f614b04f0921,train/17f9f614b04f0921.jpg,0
181ba0226e661536,train/181ba0226e661536.jpg,0
1863d0cc87cba04f,train/1863d0cc87cba04f.jpg,0
188a090d2f03075c,train/188a090d2f03075c.jpg,1
189818abd2b32fa2,train/189818abd2b32fa2.jpg,1
18d2cc422fa8bc15,train/18d2cc422fa8bc15.jpg,0
18f30adbbbfe6d52,train/18f30adbbbfe6d52.jpg,0
19181d0ef2a813a7,train/19181d0ef2a813a7.jpg,1
191e668713b43caf,train/191e668713b43caf.jpg,0
19581ce825054c04,train/19581ce825054c04.jpg,0
195fd30e1cba48af,train/195fd30e1cba48af.jpg,0
197e83a14c2e3642,train/197e83a14c2e3642.jpg,0
199c4ee0eeee41f1,train/199c4ee0eeee41f1.jpg,0
19a09c02510c86d0,train/19a09c02510c86d0.jpg,0
19c539c2eb1e1a03,train/19c539c2eb1e1a03.jpg,0
19f8adb159d4aa9c,train/19f8adb159d4aa9c.jpg,0
1a1171c9a0c7412b,train/1a1171c9a0c7412b.jpg,0
1a1e62faf9316d08,train/1a1e62faf9316d08.jpg,0
1a445ec45236bf6a,train/1a445ec45236bf6a.jpg,0
1a63c41697dbe1b8,train/1a63c41697dbe1b8.jpg,0
1a83fc38a32e0dd7,train/1a83fc38a32e0dd7.jpg,0
1a8a5278ffb41046,train/1a8a5278ffb41046.jpg,0
1aafb1c1ef31e4fb,train/1aafb1c1ef31e4fb.jpg,0
1ab9178738b30b20,train/1ab9178738b30b20.jpg,0
1abdd4a2135314d6,train/1abdd4a2135314d6.jpg,0
1adbe70c20de17e5,train/1adbe70c20de17e5.jpg,0
1add736a59fd1d28,train/1add736a59fd1d28.jpg,0
1adf06e7c5e6792f,train/1adf06e7c5e6792f.jpg,0
1b07f0945b42b18a,train/1b07f0945b42b18a.jpg,0
1b602d03e55f7d70,train/1b602d03e55f7d70.jpg,0
1b611777b97e8fa3,train/1b611777b97e8fa3.jpg,1
1b6b1773a49ff3a2,train/1b6b1773a49ff3a2.jpg,0
1b911165b68052ef,train/1b911165b68052ef.jpg,0
1be2697f581d707a,train/1be2697f581d707a.jpg,1
1be491d1698a5b9b,train/1be491d1698a5b9b.jpg,0
1bebd945e3b86a6a,train/1bebd945e3b86a6a.jpg,1
1bee3130fd467a87,train/1bee3130fd467a87.jpg,0
1bf28c967fd3f492,train/1bf28c967fd3f492.jpg,0
1c15ff08dffb4895,train/1c15ff08dffb4895.jpg,0
1c553c182faa49dd,train/1c553c182faa49dd.jpg,0
1c55ce863ba49743,train/1c55ce863ba49743.jpg,0
1c75d00c2fd1dc45,train/1c75d00c2fd1dc45.jpg,0
1c8fc5b3373d35a7,train/1c8fc5b3373d35a7.jpg,0
1d083e9b4a89bbf0,train/1d083e9b4a89bbf0.jpg,1
1d1be53bff71ed78,train/1d1be53bff71ed78.jpg,0
1d21f95475068a38,train/1d21f95475068a38.jpg,0
1d328447d66a9dfb,train/1d328447d66a9dfb.jpg,1
1d3b210abb67745b,train/1d3b210abb67745b.jpg,0
1d44e872423b89b6,train/1d44e872423b89b6.jpg,0
1d9ded45b1618d5f,train/1d9ded45b1618d5f.jpg,0
1dcfb09b147ac6fd,train/1dcfb09b147ac6fd.jpg,0
1dd361bb3d57e54f,train/1dd361bb3d57e54f.jpg,1
1dedc188fa36433e,train/1dedc188fa36433e.jpg,1
1dfc670d540f9f1e,train/1dfc670d540f9f1e.jpg,1
1e11155d984e84b6,train/1e11155d984e84b6.jpg,1
1e13b5127a81cb39,train/1e13b5127a81cb39.jpg,1
1e33d697236525c5,train/1e33d697236525c5.jpg,0
1e470026e4cf73a2,train/1e470026e4cf73a2.jpg,0
1e4e6bd004b4f2d5,train/1e4e6bd004b4f2d5.jpg,0
1e5dd7a0c6a6623e,train/1e5dd7a0c6a6623e.jpg,1
1e6d5cd3bc21b410,train/1e6d5cd3bc21b410.jpg,0
1e91dac0aa9a225c,train/1e91dac0aa9a225c.jpg,0
1ec4a2b357e066d8,train/1ec4a2b357e066d8.jpg,0
1eeeb12834de4920,train/1eeeb12834de4920.jpg,0
1f0854bcbab43b72,train/1f0854bcbab43b72.jpg,0
1f5918020a83291d,train/1f5918020a83291d.jpg,0
1f6c00a8298e28a8,train/1f6c00a8298e28a8.jpg,0
1f7393c78931fa45,train/1f7393c78931fa45.jpg,0
1fa642f096fd3abd,train/1fa642f096fd3abd.jpg,0
1fb8a89bd279da18,train/1fb8a89bd279da18.jpg,1
2032a0e1a099f75f,train/2032a0e1a099f75f.jpg,0
2040fe8e5c888efa,train/2040fe8e5c888efa.jpg,1
204b14d773d3c2b2,train/204b14d773d3c2b2.jpg,1
205fafff45adff4f,train/205fafff45adff4f.jpg,1
206699d20b0ae90c,train/206699d20b0ae90c.jpg,0
206f093ec0472530,train/206f093ec0472530.jpg,0
2080a5ab58854f3d,train/2080a5ab58854f3d.jpg,0
208151e08d1390bc,train/208151e08d1390bc.jpg,0
20905097d6549ee1,train/20905097d6549ee1.jpg,0
2093991186c0d9d4,train/2093991186c0d9d4.jpg,1
20b1c9e67081279c,train/20b1c9e67081279c.jpg,0
20c0dc4a64d24360,train/20c0dc4a64d24360.jpg,0
20c46d45749c74a2,train/20c46d45749c74a2.jpg,1
20cf92dc94728f18,train/20cf92dc94728f18.jpg,0
20e885dad506f1ec,train/20e885dad506f1ec.jpg,1
212f4a44332721d2,train/212f4a44332721d2.jpg,0
214ceae25dc28742,train/214ceae25dc28742.jpg,0
2184246f8cb09db5,train/2184246f8cb09db5.jpg,0
21a4b27c263abc2e,train/21a4b27c263abc2e.jpg,0
21bc2097e640b29f,train/21bc2097e640b29f.jpg,0
21e0393a785733ea,train/21e0393a785733ea.jpg,1
221ec0cc98d896fe,train/221ec0cc98d896fe.jpg,0
224c58604faf7d52,train/224c58604faf7d52.jpg,0
2275fed36ae7b9e1,train/2275fed36ae7b9e1.jpg,0
22a5e7c071f4f17a,train/22a5e7c071f4f17a.jpg,0
22c8e3e19404662c,train/22c8e3e19404662c.jpg,0
22d00b4d0f84b6ea,train/22d00b4d0f84b6ea.jpg,1
22f161c299e219ed,train/22f161c299e219ed.jpg,0
23239ee0a823ff8e,train/23239ee0a823ff8e.jpg,0
233c39f633414507,train/233c39f633414507.jpg,0
234808c313ead535,train/234808c313ead535.jpg,0
235c21314cacebbe,train/235c21314cacebbe.jpg,0
23706ff7b9bb78d4,train/23706ff7b9bb78d4.jpg,0
23840b0c0d9e0b98,train/23840b0c0d9e0b98.jpg,0
23875ca18b7ef10b,train/23875ca18b7ef10b.jpg,0
2413b36f508d43fe,train/2413b36f508d43fe.jpg,1
242211301029b0e7,train/242211301029b0e7.jpg,0
24397b70ea132e04,train/24397b70ea132e04.jpg,0
2446917c6447a189,train/2446917c6447a189.jpg,0
2455ba08a3fb735c,train/2455ba08a3fb735c.jpg,0
2459b1b5173401f2,train/2459b1b5173401f2.jpg,0
24a5d872dd2dbb11,train/24a5d872dd2dbb11.jpg,0
24c8213463cfa315,train/24c8213463cfa315.jpg,0
24cb4db297e617f5,train/24cb4db297e617f5.jpg,1
250f40b1ea09baf1,train/250f40b1ea09baf1.jpg,0
2525b094ac44ef2c,train/2525b094ac44ef2c.jpg,1
2531d94895330597,train/2531d94895330597.jpg,0
2543eda4ce676c19,train/2543eda4ce676c19.jpg,0
2551bbee49879075,train/2551bbee49879075.jpg,0
2556f9b7b44a2350,train/2556f9b7b44a2350.jpg,0
2587ab98c04b303c,train/2587ab98c04b303c.jpg,0
25e06281de641e75,train/25e06281de641e75.jpg,1
262f7c1898bb99b1,train/262f7c1898bb99b1.jpg,0
263f0405e4ada7d5,train/263f0405e4ada7d5.jpg,0
26613b08cc0743b7,train/26613b08cc0743b7.jpg,1
266584856a431561,train/266584856a431561.jpg,1
2668e9aacd88c225,train/2668e9aacd88c225.jpg,0
269a6eb804432bd5,train/269a6eb804432bd5.jpg,0
269bc20a3fb0ec0d,train/269bc20a3fb0ec0d.jpg,1
26a1c69643283e77,train/26a1c69643283e77.jpg,0
26b62715a401a35c,train/26b62715a401a35c.jpg,0
26fb36e828573e7c,train/26fb36e828573e7c.jpg,0
270d723a6670173a,train/270d723a6670173a.jpg,0
2722252824f053af,train/2722252824f053af.jpg,0
273065e321e2aa2c,train/273065e321e2aa2c.jpg,0
277f75f958ffdb32,train/277f75f958ffdb32.jpg,0
2781b71ea20a9945,train/2781b71ea20a9945.jpg,0
27af0d3bfe94c6d9,train/27af0d3bfe94c6d9.jpg,0
27e63788a6fe70ee,train/27e63788a6fe70ee.jpg,0
27ef6d9212023bd0,train/27ef6d9212023bd0.jpg,0
281665a76a85ac54,train/281665a76a85ac54.jpg,0
2849c1122f08e4f5,train/2849c1122f08e4f5.jpg,0
28872c124c544525,train/28872c124c544525.jpg,0
28886e47c9f5f25a,train/28886e47c9f5f25a.jpg,0
289077b5ef2cc1a2,train/289077b5ef2cc1a2.jpg,1
28a8f0c94c4c063b,train/28a8f0c94c4c063b.jpg,0
28ae17d53a1c1a97,train/28ae17d53a1c1a97.jpg,1
28da540db773f7c9,train/28da540db773f7c9.jpg,0
28e28e2592970403,train/28e28e2592970403.jpg,0
2932f2fc9b2c422b,train/2932f2fc9b2c422b.jpg,1
294958cb6f6cd8cc,train/294958cb6f6cd8cc.jpg,1
296029d5c86625b2,train/296029d5c86625b2.jpg,0
2960ce880b0b8c13,train/2960ce880b0b8c13.jpg,0
2964770824aafe4b,train/2964770824aafe4b.jpg,0
297197228fbc3457,train/297197228fbc3457.jpg,0
2986cd340be38ec6,train/2986cd340be38ec6.jpg,0
299b9a6f38b1cc04,train/299b9a6f38b1cc04.jpg,0
29a43a2bbac4bc28,train/29a43a2bbac4bc28.jpg,1
29a94d5789654c32,train/29a94d5789654c32.jpg,0
29b6c152d5a9c247,train/29b6c152d5a9c247.jpg,0
29b9a489a679e039,train/29b9a489a679e039.jpg,1
29ddf65ff10cd62a,train/29ddf65ff10cd62a.jpg,0
29eac1bd519cbd5c,train/29eac1bd519cbd5c.jpg,0
29f4440db024a9ae,train/29f4440db024a9ae.jpg,0
2a3d5552854d04c7,train/2a3d5552854d04c7.jpg,0
2a40ae81faa1e669,train/2a40ae81faa1e669.jpg,0
2a763406a031cc72,train/2a763406a031cc72.jpg,1
2a87c8c6aef8fa28,train/2a87c8c6aef8fa28.jpg,0
2ab513e304ad76e3,train/2ab513e304ad76e3.jpg,0
2ad29e644ddb02b8,train/2ad29e644ddb02b8.jpg,0
2ad71a0a77ab18b8,train/2ad71a0a77ab18b8.jpg,0
2b4a0f36ba5e4a0f,train/2b4a0f36ba5e4a0f.jpg,0
2b4b40c36749b332,train/2b4b40c36749b332.jpg,0
2b5009a375965d19,train/2b5009a375965d19.jpg,0
2b63ce88da738602,train/2b63ce88da738602.jpg,1
2b66b0db38dd1f0e,train/2b66b0db38dd1f0e.jpg,1
2b9f91d6ace3bb68,train/2b9f91d6ace3bb68.jpg,0
2bab67a06955333a,train/2bab67a06955333a.jpg,1
2bb4482150511229,train/2bb4482150511229.jpg,0
2bdb6b136bf5cbb3,train/2bdb6b136bf5cbb3.jpg,1
2bf22ca9a52f251f,train/2bf22ca9a52f251f.jpg,1
2c0a014e58245f59,train/2c0a014e58245f59.jpg,0
2c18cfd56b3e82e5,train/2c18cfd56b3e82e5.jpg,0
2c283f18ef92017f,train/2c283f18ef92017f.jpg,0
2c59e9166bb99cc0,train/2c59e9166bb99cc0.jpg,1
2c61aadcefd89833,train/2c61aadcefd89833.jpg,0
2c650d3fcfb479a6,train/2c650d3fcfb479a6.jpg,0
2c6569f02bd02e0b,train/2c6569f02bd02e0b.jpg,1
2c6c66fd82b15d73,train/2c6c66fd82b15d73.jpg,1
2c77b4a9b2df0559,train/2c77b4a9b2df0559.jpg,0
2c9933324a1a2ad4,train/2c9933324a1a2ad4.jpg,0
2cb229353f0241ac,train/2cb229353f0241ac.jpg,0
2cc26eebd975e7ed,train/2cc26eebd975e7ed.jpg,0
2cc4c3fce73a736d,train/2cc4c3fce73a736d.jpg,0
2ce1c279c9304214,train/2ce1c279c9304214.jpg,0
2cefd037602489b0,train/2cefd037602489b0.jpg,0
2d3b24c08a0c6756,train/2d3b24c08a0c6756.jpg,0
2d48b97be250ce3e,train/2d48b97be250ce3e.jpg,1
2d70d547a07953ee,train/2d70d547a07953ee.jpg,0
2db243a568a9baa3,train/2db243a568a9baa3.jpg,0
2db646e5e05bf7b8,train/2db646e5e05bf7b8.jpg,0
2dc204b345a913fe,train/2dc204b345a913fe.jpg,0
2e2dc15254b02925,train/2e2dc15254b02925.jpg,1
2e3d2cc3d907ba34,train/2e3d2cc3d907ba34.jpg,0
2e6aa09bbbddeedf,train/2e6aa09bbbddeedf.jpg,0
2e6b586168af384d,train/2e6b586168af384d.jpg,0
2e7cc0c9f9e46abd,train/2e7cc0c9f9e46abd.jpg,0
2e7f38c41182b961,train/2e7f38c41182b961.jpg,0
2e803e9d9e87c6f7,train/2e803e9d9e87c6f7.jpg,0
2e847c0285d75e12,train/2e847c0285d75e12.jpg,0
2e8fa308441d406b,train/2e8fa308441d406b.jpg,0
2ea8b1585a1d4900,train/2ea8b1585a1d4900.jpg,0
2ec348bda662396f,train/2ec348bda662396f.jpg,0
2ecf54e0d0e11aca,train/2ecf54e0d0e11aca.jpg,1
2ef48571763e1543,train/2ef48571763e1543.jpg,0
2f1b204c18cc73f0,train/2f1b204c18cc73f0.jpg,0
2f22d6bd981fb858,train/2f22d6bd981fb858.jpg,1
2f4357e850c1cba3,train/2f4357e850c1cba3.jpg,1
2f7a690d2a97203a,train/2f7a690d2a97203a.jpg,0
2fabd14d00bd0bf0,train/2fabd14d00bd0bf0.jpg,0
2fb9e9771b92b37f,train/2fb9e9771b92b37f.jpg,0
2fc56b3090605253,train/2fc56b3090605253.jpg,0
2fcf50dbeab20f09,train/2fcf50dbeab20f09.jpg,1
2fff5ec31830b24d,train/2fff5ec31830b24d.jpg,1
306271e018215d6e,train/306271e018215d6e.jpg,0
306607195b14dd31,train/306607195b14dd31.jpg,1
30699e9688b79628,train/30699e9688b79628.jpg,0
3069b364669c587e,train/3069b364669c587e.jpg,0
3098d1961021cad4,train/3098d1961021cad4.jpg,0
309cd74bf668561c,train/309cd74bf668561c.jpg,1
30a7c77e7e79c140,train/30a7c77e7e79c140.jpg,0
313cff98b771ee93,train/313cff98b771ee93.jpg,1
3155ab83985aeb3b,train/3155ab83985aeb3b.jpg,0
316e41d5b16b6ac6,train/316e41d5b16b6ac6.jpg,0
3175e7d736e18516,train/3175e7d736e18516.jpg,1
31acb20f5f4e2ad6,train/31acb20f5f4e2ad6.jpg,0
31ba7fcbeaf11a5b,train/31ba7fcbeaf11a5b.jpg,0
31d241efee4e2ef3,train/31d241efee4e2ef3.jpg,0
31ee3b92c1457576,train/31ee3b92c1457576.jpg,0
32377fca000cd6c4,train/32377fca000cd6c4.jpg,1
324b98146a316ac8,train/324b98146a316ac8.jpg,1
32624dc887a948f2,train/32624dc887a948f2.jpg,0
32766273de952d01,train/32766273de952d01.jpg,0
3278177b5170246c,train/3278177b5170246c.jpg,0
327a4961c47aa940,train/327a4961c47aa940.jpg,0
3280acd1820d28b1,train/3280acd1820d28b1.jpg,0
3284d75ddf2298c6,train/3284d75ddf2298c6.jpg,0
328640ac92f63c6d,train/328640ac92f63c6d.jpg,1
329929d74cf1483c,train/329929d74cf1483c.jpg,1
32b2c4725d9980df,train/32b2c4725d9980df.jpg,0
32c74c76dc7ed77d,train/32c74c76dc7ed77d.jpg,0
32e161b5640f7c2f,train/32e161b5640f7c2f.jpg,0
32e98a602ccc1583,train/32e98a602ccc1583.jpg,1
32f94a024f6a9da5,train/32f94a024f6a9da5.jpg,0
330743839c3a6979,train/330743839c3a6979.jpg,0
331ebbdcfdbe86a3,train/331ebbdcfdbe86a3.jpg,0
3324290143c8cf80,train/3324290143c8cf80.jpg,1
3331a94e20af2dca,train/3331a94e20af2dca.jpg,1
33568224e6906d2e,train/33568224e6906d2e.jpg,1
33801b13a41e8c9f,train/33801b13a41e8c9f.jpg,0
3383251016e6e3ee,train/3383251016e6e3ee.jpg,0
339f072a7b5da011,train/339f072a7b5da011.jpg,0
33ac48d88793c958,train/33ac48d88793c958.jpg,0
33dff21469cab417,train/33dff21469cab417.jpg,1
340ebcf9da9543f4,train/340ebcf9da9543f4.jpg,0
34401add0ca5d868,train/34401add0ca5d868.jpg,1
344e734723c83a94,train/344e734723c83a94.jpg,0
345c86b52418b714,train/345c86b52418b714.jpg,0
34641eb414ed5653,train/34641eb414ed5653.jpg,0
347b016752f677d6,train/347b016752f677d6.jpg,0
3489a83ec302a527,train/3489a83ec302a527.jpg,1
348bc0289f47f837,train/348bc0289f47f837.jpg,1
34c2f8209c0bac1c,train/34c2f8209c0bac1c.jpg,1
34e6d643caff74d8,train/34e6d643caff74d8.jpg,0
34f325c8f0b22d15,train/34f325c8f0b22d15.jpg,0
34f46110cc484efd,train/34f46110cc484efd.jpg,1
3525f22e5aaada1a,train/3525f22e5aaada1a.jpg,0
353fb5898946ca4c,train/353fb5898946ca4c.jpg,0
354085a7d6c37586,train/354085a7d6c37586.jpg,0
356c49503d415f8e,train/356c49503d415f8e.jpg,0
356c58cd04ec8da9,train/356c58cd04ec8da9.jpg,1
35739beca136c22a,train/35739beca136c22a.jpg,1
35d5174a214d62dc,train/35d5174a214d62dc.jpg,1
35dc136fbbf86869,train/35dc136fbbf86869.jpg,0
35ea94a8a304f938,train/35ea94a8a304f938.jpg,1
36087f894d439b90,train/36087f894d439b90.jpg,0
360d6e6c1a5ac5a9,train/360d6e6c1a5ac5a9.jpg,1
36325d08e587ee8a,train/36325d08e587ee8a.jpg,0
365fe2b184874680,train/365fe2b184874680.jpg,1
36600877e7f689a5,train/36600877e7f689a5.jpg,0
367dc0b95d42bb84,train/367dc0b95d42bb84.jpg,0
36bf1e24cc98c87f,train/36bf1e24cc98c87f.jpg,0
36c437cf8a10367d,train/36c437cf8a10367d.jpg,0
36d37810d2a21649,train/36d37810d2a21649.jpg,0
36e82fe5ec738ae7,train/36e82fe5ec738ae7.jpg,0
36ea213c6c2dc126,train/36ea213c6c2dc126.jpg,0
37115b721407a0ab,train/37115b721407a0ab.jpg,0
374f195df26afe6b,train/374f195df26afe6b.jpg,0
3776f3ffdeb5a506,train/3776f3ffdeb5a506.jpg,1
3780d9b118de6763,train/3780d9b118de6763.jpg,0
378281f5ae7f8b4c,train/378281f5ae7f8b4c.jpg,1
37a0f7b72af58c8c,train/37a0f7b72af58c8c.jpg,1
37a2aa1e1c35d2dd,train/37a2aa1e1c35d2dd.jpg,1
37b2fe7ae5f488bd,train/37b2fe7ae5f488bd.jpg,1
37d88dba80c17490,train/37d88dba80c17490.jpg,0
37dc23f513d9b563,train/37dc23f513d9b563.jpg,1
380591ca03be30af,train/380591ca03be30af.jpg,0
3821785b6dc6f937,train/3821785b6dc6f937.jpg,0
38376ce9e54b113c,train/38376ce9e54b113c.jpg,0
383d02c4f9e4b348,train/383d02c4f9e4b348.jpg,0
3862130b42467a6b,train/3862130b42467a6b.jpg,0
38882fa064d4ec6c,train/38882fa064d4ec6c.jpg,1
38a5d22b06919b0e,train/38a5d22b06919b0e.jpg,0
38ae8b47c009ab5b,train/38ae8b47c009ab5b.jpg,0
38c60ad4fc22b627,train/38c60ad4fc22b627.jpg,0
38e5f7a841775b59,train/38e5f7a841775b59.jpg,0
38f01a65abd3878b,train/38f01a65abd3878b.jpg,0
38f2e1472d4eaea8,train/38f2e1472d4eaea8.jpg,1
3922801e4305778e,train/3922801e4305778e.jpg,1
39369b5bad62fa9d,train/39369b5bad62fa9d.jpg,1
393b1726b5cd1137,train/393b1726b5cd1137.jpg,0
39490ebda7547d16,train/39490ebda7547d16.jpg,0
399494af9ea8685a,train/399494af9ea8685a.jpg,1
39b97b9701ccb8ba,train/39b97b9701ccb8ba.jpg,0
39bc2a25e510fd41,train/39bc2a25e510fd41.jpg,0
39bf60908babe602,train/39bf60908babe602.jpg,0
39fdaa088bd29908,train/39fdaa088bd29908.jpg,0
3a14395f7232c1d9,train/3a14395f7232c1d9.jpg,0
3a2e43eb423e9197,train/3a2e43eb423e9197.jpg,0
3a333ef8eff13248,train/3a333ef8eff13248.jpg,0
3a45206490cab2a9,train/3a45206490cab2a9.jpg,1
3a49f483942f9a91,train/3a49f483942f9a91.jpg,0
3a4a0601e4b54794,train/3a4a0601e4b54794.jpg,0
3a8a58856d313856,train/3a8a58856d313856.jpg,0
3a94cf71dbdeee87,train/3a94cf71dbdeee87.jpg,0
3aa6e0e7baf4927a,train/3aa6e0e7baf4927a.jpg,1
3aa98b3a31df2ff6,train/3aa98b3a31df2ff6.jpg,0
3aac9b3ea205aa4e,train/3aac9b3ea205aa4e.jpg,1
3ab85464760ad41d,train/3ab85464760ad41d.jpg,0
3ac84cacb91d6cb9,train/3ac84cacb91d6cb9.jpg,0
3ad6e72150a67d2a,train/3ad6e72150a67d2a.jpg,0
3ae03d50f501a468,train/3ae03d50f501a468.jpg,0
3ae1caedfe8049a2,train/3ae1caedfe8049a2.jpg,0
3b1f02bad71fc75f,train/3b1f02bad71fc75f.jpg,0
3b4203991242ad68,train/3b4203991242ad68.jpg,1
3b6a9a1b2c99fe7f,train/3b6a9a1b2c99fe7f.jpg,0
3b80b2577cdc2b41,train/3b80b2577cdc2b41.jpg,0
3ba574e31b9fda23,train/3ba574e31b9fda23.jpg,1
3bae9a5c1a3946d7,train/3bae9a5c1a3946d7.jpg,0
3bd31c36e28fa681,train/3bd31c36e28fa681.jpg,0
3beb169edb66e161,train/3beb169edb66e161.jpg,1
3befce57663b8151,train/3befce57663b8151.jpg,1
3c18f8a171accb4c,train/3c18f8a171accb4c.jpg,0
3c2a884434b7941c,train/3c2a884434b7941c.jpg,0
3c3a14f72f245f91,train/3c3a14f72f245f91.jpg,0
3c41120345daab79,train/3c41120345daab79.jpg,0
3c4773ae93557625,train/3c4773ae93557625.jpg,0
3c6f16de868b4e31,train/3c6f16de868b4e31.jpg,0
3c7dec29b114257b,train/3c7dec29b114257b.jpg,1
3c9191ae19c90bbc,train/3c9191ae19c90bbc.jpg,1
3cd054d1d3bca42d,train/3cd054d1d3bca42d.jpg,0
3d605fb1884db792,train/3d605fb1884db792.jpg,0
3d709921d88a25e7,train/3d709921d88a25e7.jpg,0
3d771645ae789b06,train/3d771645ae789b06.jpg,0
3d7f8ba406b2bc4e,train/3d7f8ba406b2bc4e.jpg,0
3dda00b4f3686703,train/3dda00b4f3686703.jpg,1
3e4fe6a6f6136eee,train/3e4fe6a6f6136eee.jpg,0
3e61e113ec7ad48b,train/3e61e113ec7ad48b.jpg,0
3e8a99d45f2f1b1c,train/3e8a99d45f2f1b1c.jpg,0
3e98b825a1fc3a50,train/3e98b825a1fc3a50.jpg,1
3ea7145d13e71933,train/3ea7145d13e71933.jpg,1
3ea8becb8e5bf8eb,train/3ea8becb8e5bf8eb.jpg,0
3eb12e3d79dabd49,train/3eb12e3d79dabd49.jpg,1
3ee4ebd7ca37e58f,train/3ee4ebd7ca37e58f.jpg,0
3f121fe47ac5fd87,train/3f121fe47ac5fd87.jpg,1
3f350fda4b924252,train/3f350fda4b924252.jpg,1
3f3eee6688ceaff7,train/3f3eee6688ceaff7.jpg,0
3f6cd35b0fbe0c20,train/3f6cd35b0fbe0c20.jpg,1
3fbe9f9fff643a4e,train/3fbe9f9fff643a4e.jpg,0
3fc84d6bba85c1e1,train/3fc84d6bba85c1e1.jpg,0
3fe8e1e4d43ca56b,train/3fe8e1e4d43ca56b.jpg,0
4000a2dde196eeec,train/4000a2dde196eeec.jpg,0
4014f1031eeaea5e,train/4014f1031eeaea5e.jpg,1
402c9c928215bb68,train/402c9c928215bb68.jpg,0
403ba3a97f8e3fb1,train/403ba3a97f8e3fb1.jpg,0
404bf318f6d1a2a9,train/404bf318f6d1a2a9.jpg,0
40527ffb088d7231,train/40527ffb088d7231.jpg,0
405de0bb4066c4db,train/405de0bb4066c4db.jpg,0
40651d31a55c006c,train/40651d31a55c006c.jpg,0
40a86fa50094d28a,train/40a86fa50094d28a.jpg,0
40c8a2f83646fb91,train/40c8a2f83646fb91.jpg,1
40d66c6d997d36df,train/40d66c6d997d36df.jpg,0
40d905d04b71afe4,train/40d905d04b71afe4.jpg,0
40f43c124836c186,train/40f43c124836c186.jpg,0
40fb2f8271f89eda,train/40fb2f8271f89eda.jpg,1
410fd9c30065b4fe,train/410fd9c30065b4fe.jpg,0
4119ecb8e164da96,train/4119ecb8e164da96.jpg,0
41283536b3b35e08,train/41283536b3b35e08.jpg,0
412dbecaeb090e15,train/412dbecaeb090e15.jpg,0
41335670525777cc,train/41335670525777cc.jpg,1
415fc7ab3c9e99f1,train/415fc7ab3c9e99f1.jpg,0
4197111e8dcdf732,train/4197111e8dcdf732.jpg,1
41a974a3122dc04a,train/41a974a3122dc04a.jpg,0
41b4f5a7f8b69e9f,train/41b4f5a7f8b69e9f.jpg,0
41ced6a7dee076a1,train/41ced6a7dee076a1.jpg,0
41f2bbad86c7f7ae,train/41f2bbad86c7f7ae.jpg,1
41f8c55bab7850b4,train/41f8c55bab7850b4.jpg,0
42072ce1b230ce57,train/42072ce1b230ce57.jpg,0
422ef443b70cee4b,train/422ef443b70cee4b.jpg,0
424a50629d4b3bea,train/424a50629d4b3bea.jpg,0
427525e2847454f1,train/427525e2847454f1.jpg,0
4282c32695abb591,train/4282c32695abb591.jpg,0
429a2a10f1123b1b,train/429a2a10f1123b1b.jpg,0
42a623f6c845e19d,train/42a623f6c845e19d.jpg,0
42fcf9f1ff4a71c1,train/42fcf9f1ff4a71c1.jpg,1
430a9f1d3701fa5e,train/430a9f1d3701fa5e.jpg,0
432f72ca52dae2a0,train/432f72ca52dae2a0.jpg,0
436d78088f43d805,train/436d78088f43d805.jpg,0
437b5427cf58ea4d,train/437b5427cf58ea4d.jpg,0
437d649d2ba0e6b3,train/437d649d2ba0e6b3.jpg,0
43898c1106e667a5,train/43898c1106e667a5.jpg,1
439971bb68ec9fce,train/439971bb68ec9fce.jpg,0
439d91a52303d3f6,train/439d91a52303d3f6.jpg,0
43a055de2ae9ccea,train/43a055de2ae9ccea.jpg,0
43d822a88a90c001,train/43d822a88a90c001.jpg,0
43e94e12bb750352,train/43e94e12bb750352.jpg,1
4404357e0ebb4730,train/4404357e0ebb4730.jpg,0
440eb1a16845d27a,train/440eb1a16845d27a.jpg,0
442b8cffa0568cef,train/442b8cffa0568cef.jpg,0
445a0ec6beb5b237,train/445a0ec6beb5b237.jpg,0
4463b27298e6817d,train/4463b27298e6817d.jpg,0
449010e782f8dbac,train/449010e782f8dbac.jpg,0
44c289f0e04d9a84,train/44c289f0e04d9a84.jpg,0
4535a92a09a70d34,train/4535a92a09a70d34.jpg,0
453ab0a82e9b8a69,train/453ab0a82e9b8a69.jpg,0
45b40b8e1af0a938,train/45b40b8e1af0a938.jpg,1
45b510a9d3605434,train/45b510a9d3605434.jpg,1
45c24e0c450530ce,train/45c24e0c450530ce.jpg,0
45cf6b1e25ebc91f,train/45cf6b1e25ebc91f.jpg,0
45d77adb33bfddc2,train/45d77adb33bfddc2.jpg,0
45fd3f8b64484f4e,train/45fd3f8b64484f4e.jpg,1
462021d9e68014b5,train/462021d9e68014b5.jpg,0
462516030cb56d6c,train/462516030cb56d6c.jpg,0
46436780f6716d7b,train/46436780f6716d7b.jpg,1
4665b8727f2732be,train/4665b8727f2732be.jpg,0
4670d86c2a562262,train/4670d86c2a562262.jpg,0
46841aa94bcca1a7,train/46841aa94bcca1a7.jpg,0
4693aa3db41c20b6,train/4693aa3db41c20b6.jpg,0
4714a207313daf1e,train/4714a207313daf1e.jpg,1
471d2fafab8f22f1,train/471d2fafab8f22f1.jpg,0
47241eb0f7ad9fd8,train/47241eb0f7ad9fd8.jpg,0
47357c102c9cd02b,train/47357c102c9cd02b.jpg,1
47648827e0742a42,train/47648827e0742a42.jpg,0
476bee771e1f8097,train/476bee771e1f8097.jpg,0
4771ea4041a872da,train/4771ea4041a872da.jpg,1
4789efceb928ed44,train/4789efceb928ed44.jpg,0
47a9028f3e252d7c,train/47a9028f3e252d7c.jpg,0
47b1fb6ef869a9a9,train/47b1fb6ef869a9a9.jpg,0
480445da5a629075,train/480445da5a629075.jpg,0
4804ae162729c788,train/4804ae162729c788.jpg,0
481026501fd563f0,train/481026501fd563f0.jpg,0
481b3fc479eef639,train/481b3fc479eef639.jpg,0
482af2fa9c0acb5e,train/482af2fa9c0acb5e.jpg,0
482f065cd7ce27b7,train/482f065cd7ce27b7.jpg,1
48859c3e3f767272,train/48859c3e3f767272.jpg,0
4890af4eb84e66bd,train/4890af4eb84e66bd.jpg,0
48a5829a88f88fd7,train/48a5829a88f88fd7.jpg,0
48c18a988c12dee2,train/48c18a988c12dee2.jpg,1
4925b0804059d010,train/4925b0804059d010.jpg,0
4927e938eeff9dcd,train/4927e938eeff9dcd.jpg,0
4949e4cf11fc7973,train/4949e4cf11fc7973.jpg,1
497784d0adeb48dc,train/497784d0adeb48dc.jpg,0
497b8a29050ede9b,train/497b8a29050ede9b.jpg,1
497bf7da96d0f188,train/497bf7da96d0f188.jpg,0
498e4f4cffcd5004,train/498e4f4cffcd5004.jpg,0
49c819d0bd5955cf,train/49c819d0bd5955cf.jpg,0
49c8959025e21364,train/49c8959025e21364.jpg,1
4a2b18c270da2e7b,train/4a2b18c270da2e7b.jpg,0
4a420ca40d30c517,train/4a420ca40d30c517.jpg,0
4a63750bc27fcf43,train/4a63750bc27fcf43.jpg,0
4a8c0ae940ca9872,train/4a8c0ae940ca9872.jpg,0
4aace7dddc53173f,train/4aace7dddc53173f.jpg,1
4ad0b655b0562d93,train/4ad0b655b0562d93.jpg,0
4b0d4230904f7554,train/4b0d4230904f7554.jpg,0
4b18cd8c5eda0279,train/4b18cd8c5eda0279.jpg,0
4b2483e1f202c395,train/4b2483e1f202c395.jpg,1
4b30e7add47436c6,train/4b30e7add47436c6.jpg,0
4b672e6dddec699e,train/4b672e6dddec699e.jpg,1
4b6c0d6f1027f42d,train/4b6c0d6f1027f42d.jpg,0
4b7ad30e51077bcc,train/4b7ad30e51077bcc.jpg,1
4ba74e7e959a5a32,train/4ba74e7e959a5a32.jpg,1
4babf7a2d5837c1a,train/4babf7a2d5837c1a.jpg,0
4bb8f2d3fb93e3fe,train/4bb8f2d3fb93e3fe.jpg,0
4c055f66f04126ce,train/4c055f66f04126ce.jpg,0
4c1da09c90c1a552,train/4c1da09c90c1a552.jpg,0
4c1e97410858f32c,train/4c1e97410858f32c.jpg,1
4c1fc6675bebca34,train/4c1fc6675bebca34.jpg,0
4c24ee6f2d7ddd4d,train/4c24ee6f2d7ddd4d.jpg,0
4c2753f698251ed8,train/4c2753f698251ed8.jpg,0
4c36641fbc294bac,train/4c36641fbc294bac.jpg,0
4c4490843b24745d,train/4c4490843b24745d.jpg,0
4c8446a9ab580f99,train/4c8446a9ab580f99.jpg,0
4c883055c20b2399,train/4c883055c20b2399.jpg,0
4ca95f69e94435db,train/4ca95f69e94435db.jpg,1
4cac21eb3a3ea73c,train/4cac21eb3a3ea73c.jpg,0
4cbb495e5d63bf65,train/4cbb495e5d63bf65.jpg,0
4cc4faadad47c6ad,train/4cc4faadad47c6ad.jpg,0
4cc65728df7d4988,train/4cc65728df7d4988.jpg,0
4cc668cb73be01e8,train/4cc668cb73be01e8.jpg,1
4cd93384964a4f2f,train/4cd93384964a4f2f.jpg,0
4cf2ae4a6d2dfbbf,train/4cf2ae4a6d2dfbbf.jpg,0
4d57afd0d6aa97b7,train/4d57afd0d6aa97b7.jpg,1
4d696d74a83d7150,train/4d696d74a83d7150.jpg,0
4dba7e2bdeb42f94,train/4dba7e2bdeb42f94.jpg,0
4de26e2224bb1f2d,train/4de26e2224bb1f2d.jpg,1
4e009fca5232c558,train/4e009fca5232c558.jpg,0
4e3be23af9d54123,train/4e3be23af9d54123.jpg,1
4e400aea797da24a,train/4e400aea797da24a.jpg,0
4e437ad8b4e90376,train/4e437ad8b4e90376.jpg,0
4e4fe68ad9305c27,train/4e4fe68ad9305c27.jpg,0
4e595ac86242bcc7,train/4e595ac86242bcc7.jpg,0
4e61cfc81068213c,train/4e61cfc81068213c.jpg,0
4e732325d6630975,train/4e732325d6630975.jpg,0
4e7d14fc1f00c700,train/4e7d14fc1f00c700.jpg,0
4e866363a7fc8423,train/4e866363a7fc8423.jpg,0
4efc903b1f1d871e,train/4efc903b1f1d871e.jpg,0
4f128421d5d77a32,train/4f128421d5d77a32.jpg,1
4f13b9f6bb321f90,train/4f13b9f6bb321f90.jpg,0
4f1c791fb7653527,train/4f1c791fb7653527.jpg,1
4f1dd07bf0362f41,train/4f1dd07bf0362f41.jpg,1
4f4a26f79af79ba3,train/4f4a26f79af79ba3.jpg,1
4f5940d70c98909f,train/4f5940d70c98909f.jpg,1
4f6d16a18337961e,train/4f6d16a18337961e.jpg,0
4fbf913794146320,train/4fbf913794146320.jpg,1
4ff122593909655c,train/4ff122593909655c.jpg,0
4ffb0c914ebff51c,train/4ffb0c914ebff51c.jpg,1
502e6413810ed17d,train/502e6413810ed17d.jpg,0
504ac7159b02f4c7,train/504ac7159b02f4c7.jpg,0
507058af9d5e3987,train/507058af9d5e3987.jpg,1
507222e2a3e8b75d,train/507222e2a3e8b75d.jpg,0
50766e92e3c05f3f,train/50766e92e3c05f3f.jpg,0
50a9d58620526269,train/50a9d58620526269.jpg,0
50b25ec25a515929,train/50b25ec25a515929.jpg,1
50becd6fb68c4330,train/50becd6fb68c4330.jpg,0
50d0bd850e75f879,train/50d0bd850e75f879.jpg,0
50dce29fa11769ff,train/50dce29fa11769ff.jpg,0
50dd2f079a82843c,train/50dd2f079a82843c.jpg,0
50f447e9af548384,train/50f447e9af548384.jpg,1
50f44fd000ad4ca8,train/50f44fd000ad4ca8.jpg,0
518a502edb17958d,train/518a502edb17958d.jpg,1
51ba0855e105c6ae,train/51ba0855e105c6ae.jpg,0
51de80782e3ba29c,train/51de80782e3ba29c.jpg,0
51ff5256cdc472c6,train/51ff5256cdc472c6.jpg,0
5203bbb056fed796,train/5203bbb056fed796.jpg,0
523f8120d5eba319,train/523f8120d5eba319.jpg,0
525753a9285c6130,train/525753a9285c6130.jpg,0
525bc00fa657d792,train/525bc00fa657d792.jpg,0
525cbdce74141e3b,train/525cbdce74141e3b.jpg,0
52aa1252b0dd0031,train/52aa1252b0dd0031.jpg,0
52be6477bd9d0fb9,train/52be6477bd9d0fb9.jpg,1
52c80794c2697099,train/52c80794c2697099.jpg,0
52e700f9e7d75d5b,train/52e700f9e7d75d5b.jpg,1
5319bda5f3d8f54f,train/5319bda5f3d8f54f.jpg,0
539add1a61edd388,train/539add1a61edd388.jpg,0
53a1da3b7c023eae,train/53a1da3b7c023eae.jpg,1
540cc85f5642f707,train/540cc85f5642f707.jpg,0
542396949c56aed7,train/542396949c56aed7.jpg,0
548beccb3d8a1d6b,train/548beccb3d8a1d6b.jpg,0
54b7f79ce5a2058c,train/54b7f79ce5a2058c.jpg,1
54d2284342bb69af,train/54d2284342bb69af.jpg,0
54d2a7f39903b20f,train/54d2a7f39903b20f.jpg,1
54d7cf935a61d922,train/54d7cf935a61d922.jpg,0
54fc92f9bf828ffe,train/54fc92f9bf828ffe.jpg,1
55033b323dc7784a,train/55033b323dc7784a.jpg,0
5514709085613eec,train/5514709085613eec.jpg,0
55476e277ddeb94e,train/55476e277ddeb94e.jpg,1
557024a24cdad0dd,train/557024a24cdad0dd.jpg,0
5570be04d2c45a63,train/5570be04d2c45a63.jpg,0
5598009227341ab9,train/5598009227341ab9.jpg,0
559c8a3a24a90744,train/559c8a3a24a90744.jpg,0
55af0f51ddf755f7,train/55af0f51ddf755f7.jpg,0
55f7e9b07c20c952,train/55f7e9b07c20c952.jpg,0
5600789ef3400e8d,train/5600789ef3400e8d.jpg,0
560b7b7ab15b8a3c,train/560b7b7ab15b8a3c.jpg,1
563c4409da5c91ed,train/563c4409da5c91ed.jpg,0
56510691f68a7114,train/56510691f68a7114.jpg,0
565dfdebb3eae06d,train/565dfdebb3eae06d.jpg,0
568b6746c578323c,train/568b6746c578323c.jpg,1
569fc110a25c6353,train/569fc110a25c6353.jpg,1
56a4a30ae35f501d,train/56a4a30ae35f501d.jpg,0
56c2ea14b48dc1f9,train/56c2ea14b48dc1f9.jpg,0
57268934257a48bb,train/57268934257a48bb.jpg,1
573ca9e2876e9f1d,train/573ca9e2876e9f1d.jpg,0
574a4554d0377143,train/574a4554d0377143.jpg,1
576445cf9f2b5f80,train/576445cf9f2b5f80.jpg,0
57ae6c6d0fe6b7c3,train/57ae6c6d0fe6b7c3.jpg,0
57be7a91e2d82b1d,train/57be7a91e2d82b1d.jpg,1
57d5576d098cd9b0,train/57d5576d098cd9b0.jpg,0
57e999965ea6470b,train/57e999965ea6470b.jpg,0
58035c2715d083d2,train/58035c2715d083d2.jpg,0
5855fabd5bdb892e,train/5855fabd5bdb892e.jpg,0
58574ac17bd50e64,train/58574ac17bd50e64.jpg,1
5862d3d1da61466c,train/5862d3d1da61466c.jpg,0
586beb0e11a55cb6,train/586beb0e11a55cb6.jpg,0
5877d534e3ecd1da,train/5877d534e3ecd1da.jpg,0
587edf6575c27221,train/587edf6575c27221.jpg,1
588e652f793f755d,train/588e652f793f755d.jpg,1
58a514c76390b13f,train/58a514c76390b13f.jpg,0
58af42ec50d7fab0,train/58af42ec50d7fab0.jpg,0
58c20630c0b7ee29,train/58c20630c0b7ee29.jpg,0
5944aeaf4abd2ea3,train/5944aeaf4abd2ea3.jpg,1
596f5d933f9dcabd,train/596f5d933f9dcabd.jpg,0
59719b72749cd983,train/59719b72749cd983.jpg,1
59a0150736a38cc2,train/59a0150736a38cc2.jpg,0
59a7ceed211c5750,train/59a7ceed211c5750.jpg,0
59b2c5259f6c255f,train/59b2c5259f6c255f.jpg,0
59b4a5361b7dff73,train/59b4a5361b7dff73.jpg,1
59c33e0dd8dd4fca,train/59c33e0dd8dd4fca.jpg,0
59d336f32e53be6b,train/59d336f32e53be6b.jpg,1
59e6a02385ff12e8,train/59e6a02385ff12e8.jpg,0
59fd6429d4631cfd,train/59fd6429d4631cfd.jpg,0
59fe422eb9cef244,train/59fe422eb9cef244.jpg,1
5a06830bf76586d5,train/5a06830bf76586d5.jpg,0
5a0f1a3a7ae691ca,train/5a0f1a3a7ae691ca.jpg,0
5a0f2bfccd291fc2,train/5a0f2bfccd291fc2.jpg,0
5a390a70b50027a4,train/5a390a70b50027a4.jpg,0
5a3c2480ad13350b,train/5a3c2480ad13350b.jpg,0
5a3ccf2001566967,train/5a3ccf2001566967.jpg,0
5a4647823a00a673,train/5a4647823a00a673.jpg,1
5a4768cb341a0899,train/5a4768cb341a0899.jpg,0
5a5c550179f227b4,train/5a5c550179f227b4.jpg,1
5a7f7e6d5f527ebb,train/5a7f7e6d5f527ebb.jpg,1
5ab696c6fa2df3e6,train/5ab696c6fa2df3e6.jpg,0
5ab6fd3b4a0f1a3e,train/5ab6fd3b4a0f1a3e.jpg,0
5abaac574ad5eb17,train/5abaac574ad5eb17.jpg,1
5abd236e6e0fabbe,train/5abd236e6e0fabbe.jpg,1
5abf2d035a333ea8,train/5abf2d035a333ea8.jpg,0
5af04831fc0f1a0f,train/5af04831fc0f1a0f.jpg,0
5af8d5fd06d5b377,train/5af8d5fd06d5b377.jpg,1
5af986791cec943a,train/5af986791cec943a.jpg,1
5afd27133d98b446,train/5afd27133d98b446.jpg,0
5b0fe6ab6ee7ab52,train/5b0fe6ab6ee7ab52.jpg,1
5b255f09a98b55db,train/5b255f09a98b55db.jpg,0
5b352d47606a7da1,train/5b352d47606a7da1.jpg,1
5b36c2905ac30fac,train/5b36c2905ac30fac.jpg,0
5b389def458012d9,train/5b389def458012d9.jpg,0
5b89004d051c19e8,train/5b89004d051c19e8.jpg,0
5b9de63f2269bf32,train/5b9de63f2269bf32.jpg,0
5ba7d8cff90dc2a4,train/5ba7d8cff90dc2a4.jpg,0
5bb41ddb992bce4c,train/5bb41ddb992bce4c.jpg,0
5be392c037eb1b4c,train/5be392c037eb1b4c.jpg,0
5bea1ab060cafb01,train/5bea1ab060cafb01.jpg,0
5bed48792d70833d,train/5bed48792d70833d.jpg,1
5c075862587e193a,train/5c075862587e193a.jpg,0
5c22a6fb74b352f1,train/5c22a6fb74b352f1.jpg,0
5c5c509007355972,train/5c5c509007355972.jpg,0
5c5ce8757ac97055,train/5c5ce8757ac97055.jpg,0
5c6f24eb0b0d8ef7,train/5c6f24eb0b0d8ef7.jpg,0
5c7e69fa251ce7ee,train/5c7e69fa251ce7ee.jpg,0
5c8470f9956d1688,train/5c8470f9956d1688.jpg,1
5c8830613a1e40b7,train/5c8830613a1e40b7.jpg,0
5c8ec62d6a750447,train/5c8ec62d6a750447.jpg,0
5cad6a1559830d71,train/5cad6a1559830d71.jpg,0
5cecce141b4ccef0,train/5cecce141b4ccef0.jpg,0
5d17568474c3557d,train/5d17568474c3557d.jpg,0
5d1879601596a347,train/5d1879601596a347.jpg,0
5d212be53f06812b,train/5d212be53f06812b.jpg,1
5d333c15b436d338,train/5d333c15b436d338.jpg,0
5d691f9638b310a8,train/5d691f9638b310a8.jpg,0
5d75cecb3fd53f92,train/5d75cecb3fd53f92.jpg,0
5d84eb43f7bdd4e7,train/5d84eb43f7bdd4e7.jpg,0
5dd4f1c1b5eb8c69,train/5dd4f1c1b5eb8c69.jpg,0
5ddbc4850bc37a99,train/5ddbc4850bc37a99.jpg,0
5df68e3fb8769cf8,train/5df68e3fb8769cf8.jpg,0
5dfa6f3e169f39bf,train/5dfa6f3e169f39bf.jpg,1
5e03bc9714935266,train/5e03bc9714935266.jpg,0
5e123bb74f0edb84,train/5e123bb74f0edb84.jpg,0
5e53bc67f7254751,train/5e53bc67f7254751.jpg,0
5e541ac3275b5d72,train/5e541ac3275b5d72.jpg,1
5e86f4f2031a3dde,train/5e86f4f2031a3dde.jpg,0
5e9ba88c6a441ee7,train/5e9ba88c6a441ee7.jpg,1
5eb93025ad1c628e,train/5eb93025ad1c628e.jpg,0
5ecf5b49a8a432a9,train/5ecf5b49a8a432a9.jpg,0
5edbdb7979a2a72b,train/5edbdb7979a2a72b.jpg,1
5f033b4e1d2a3d0d,train/5f033b4e1d2a3d0d.jpg,0
5f0e43272201ad9a,train/5f0e43272201ad9a.jpg,1
5f166baed3805fb0,train/5f166baed3805fb0.jpg,0
5f216a9b5c0f538d,train/5f216a9b5c0f538d.jpg,0
5f22f65044a58815,train/5f22f65044a58815.jpg,0
5f2a36c45e299e2e,train/5f2a36c45e299e2e.jpg,0
5f32bc7e65149ca3,train/5f32bc7e65149ca3.jpg,0
5f3822e5127b77cb,train/5f3822e5127b77cb.jpg,0
60029b97f941f4cc,train/60029b97f941f4cc.jpg,0
6041ebc483aa43ac,train/6041ebc483aa43ac.jpg,0
6045feb64605f3f3,train/6045feb64605f3f3.jpg,0
60480a99c1e5d1d3,train/60480a99c1e5d1d3.jpg,0
606aef8d7ce2b103,train/606aef8d7ce2b103.jpg,0
6072c35496f00583,train/6072c35496f00583.jpg,0
6078e7728b5a63f1,train/6078e7728b5a63f1.jpg,1
607fa043e9f1e263,train/607fa043e9f1e263.jpg,0
60a82722480f657c,train/60a82722480f657c.jpg,0
60addd62ee181f6b,train/60addd62ee181f6b.jpg,0
60aebefa3ef6282f,train/60aebefa3ef6282f.jpg,1
60c0591f96db9cce,train/60c0591f96db9cce.jpg,0
60d3b7795e82cde7,train/60d3b7795e82cde7.jpg,0
60d5acd0e59d5cff,train/60d5acd0e59d5cff.jpg,0
60f248eff04a987b,train/60f248eff04a987b.jpg,0
60f368d6a96784f5,train/60f368d6a96784f5.jpg,0
60f42dc0af064044,train/60f42dc0af064044.jpg,1
60f9d359baa5dac1,train/60f9d359baa5dac1.jpg,0
612731af42a76dc5,train/612731af42a76dc5.jpg,0
61396294438209d6,train/61396294438209d6.jpg,1
6167a792c8fbb7fd,train/6167a792c8fbb7fd.jpg,0
618eba19dbb2777a,train/618eba19dbb2777a.jpg,0
61943324adef9f79,train/61943324adef9f79.jpg,1
619a537eb9900da9,train/619a537eb9900da9.jpg,1
61c3d1092145c3a8,train/61c3d1092145c3a8.jpg,1
61dd0056dd5200ff,train/61dd0056dd5200ff.jpg,0
61e531ac3186fbd3,train/61e531ac3186fbd3.jpg,0
620cac5ef7f01fa0,train/620cac5ef7f01fa0.jpg,0
620d10879f9e5727,train/620d10879f9e5727.jpg,0
6216ff02c1d8506f,train/6216ff02c1d8506f.jpg,0
621d340bf47cb6cd,train/621d340bf47cb6cd.jpg,0
6223ba9cf38721b9,train/6223ba9cf38721b9.jpg,1
625296ddeb5b01af,train/625296ddeb5b01af.jpg,1
625e4739589a6dda,train/625e4739589a6dda.jpg,1
62709ab8800d5612,train/62709ab8800d5612.jpg,0
6278f2028982ccb2,train/6278f2028982ccb2.jpg,0
62a2f707c5dab227,train/62a2f707c5dab227.jpg,0
62a34b72a3c3d825,train/62a34b72a3c3d825.jpg,1
62bd7d391898ec50,train/62bd7d391898ec50.jpg,0
634cc4272e64d0f4,train/634cc4272e64d0f4.jpg,1
6355ff403ecbbf31,train/6355ff403ecbbf31.jpg,1
6364894678e79862,train/6364894678e79862.jpg,0
6378424b695e4c43,train/6378424b695e4c43.jpg,0
637d66762f7ceef6,train/637d66762f7ceef6.jpg,0
63a58104964f35d4,train/63a58104964f35d4.jpg,1
63bda5ebab21059c,train/63bda5ebab21059c.jpg,0
63cb28fe454e2752,train/63cb28fe454e2752.jpg,0
63d0749f8420e29f,train/63d0749f8420e29f.jpg,0
63eb05c01b3ffa26,train/63eb05c01b3ffa26.jpg,0
63f955431a0b8402,train/63f955431a0b8402.jpg,1
63fabd09320a6ed3,train/63fabd09320a6ed3.jpg,0
6403a8c6275a4885,train/6403a8c6275a4885.jpg,0
6408af84f270de89,train/6408af84f270de89.jpg,0
6419ec5ed22e02ba,train/6419ec5ed22e02ba.jpg,0
64211f3addcdb4e4,train/64211f3addcdb4e4.jpg,0
64407ac7c1ec65f4,train/64407ac7c1ec65f4.jpg,0
6464a3f380324403,train/6464a3f380324403.jpg,1
646716db83f63f91,train/646716db83f63f91.jpg,0
64a80ba7abc5b5ab,train/64a80ba7abc5b5ab.jpg,0
64f8ff7951d8acd4,train/64f8ff7951d8acd4.jpg,1
6503695e27aaea4b,train/6503695e27aaea4b.jpg,0
651b39243afa412e,train/651b39243afa412e.jpg,1
652190fb8d2fce3c,train/652190fb8d2fce3c.jpg,0
652acf57ab9aa15d,train/652acf57ab9aa15d.jpg,0
6538cab0adfb9198,train/6538cab0adfb9198.jpg,1
6540583d04e404bd,train/6540583d04e404bd.jpg,1
6565fd2197822470,train/6565fd2197822470.jpg,0
657ec68cc9b7bb22,train/657ec68cc9b7bb22.jpg,0
65882a120c357c66,train/65882a120c357c66.jpg,0
658f4c45f01644e2,train/658f4c45f01644e2.jpg,0
65af146d2494da8d,train/65af146d2494da8d.jpg,0
65b53169855e940b,train/65b53169855e940b.jpg,0
65c317cc089af9e5,train/65c317cc089af9e5.jpg,0
65cd6b28c8718121,train/65cd6b28c8718121.jpg,0
65e49207d2d41371,train/65e49207d2d41371.jpg,1
65f4f41d6214672a,train/65f4f41d6214672a.jpg,0
663983ededd2e288,train/663983ededd2e288.jpg,1
6665cc36494f98b4,train/6665cc36494f98b4.jpg,0
668643c5e1821f12,train/668643c5e1821f12.jpg,0
668e66349bff4dee,train/668e66349bff4dee.jpg,0
66aaab04e2312fe4,train/66aaab04e2312fe4.jpg,1
66b5aa74335705fb,train/66b5aa74335705fb.jpg,0
66c8f8192ff4ba4d,train/66c8f8192ff4ba4d.jpg,0
66cf24c05493e159,train/66cf24c05493e159.jpg,1
66daca16a3a4c9a8,train/66daca16a3a4c9a8.jpg,0
66ee948d798a840e,train/66ee948d798a840e.jpg,0
66f9a835173ebb8a,train/66f9a835173ebb8a.jpg,0
66fa3e3b25614631,train/66fa3e3b25614631.jpg,1
66fb3455531bfba6,train/66fb3455531bfba6.jpg,1
67049f053e0c63c1,train/67049f053e0c63c1.jpg,1
671834cd811af6fd,train/671834cd811af6fd.jpg,1
6723c14ea11fe144,train/6723c14ea11fe144.jpg,0
676a51f4dea4f8d5,train/676a51f4dea4f8d5.jpg,0
676af0f5a5922524,train/676af0f5a5922524.jpg,0
677ebd3cc51ce4ae,train/677ebd3cc51ce4ae.jpg,0
6790cf6c632457b9,train/6790cf6c632457b9.jpg,1
67cda982e830b617,train/67cda982e830b617.jpg,1
67e2eb929ebc5b73,train/67e2eb929ebc5b73.jpg,1
67e7f360f8de37b6,train/67e7f360f8de37b6.jpg,0
68067693b7a94456,train/68067693b7a94456.jpg,0
68871efd86275034,train/68871efd86275034.jpg,1
6893a53b5aee2fde,train/6893a53b5aee2fde.jpg,0
68a1c53a71368204,train/68a1c53a71368204.jpg,0
68a7651804caa733,train/68a7651804caa733.jpg,0
68bbf821e84abb0d,train/68bbf821e84abb0d.jpg,0
68fae082cb5889aa,train/68fae082cb5889aa.jpg,0
68febc749eea8bd7,train/68febc749eea8bd7.jpg,0
690152019937f37b,train/690152019937f37b.jpg,0
6920b35ed8eca0e6,train/6920b35ed8eca0e6.jpg,0
6933d91403d1402d,train/6933d91403d1402d.jpg,0
69b29e5f4d50d9cd,train/69b29e5f4d50d9cd.jpg,0
69b6899b32713e44,train/69b6899b32713e44.jpg,0
69bbdceb2a8dca43,train/69bbdceb2a8dca43.jpg,0
69da2ec04969f332,train/69da2ec04969f332.jpg,0
69dcdf56a55f72ed,train/69dcdf56a55f72ed.jpg,0
6a0011db5e76414f,train/6a0011db5e76414f.jpg,0
6a041aca4e17c2b1,train/6a041aca4e17c2b1.jpg,0
6a0d645c4724de11,train/6a0d645c4724de11.jpg,1
6a2a4f88c0fe20c0,train/6a2a4f88c0fe20c0.jpg,0
6a3874d6336f2102,train/6a3874d6336f2102.jpg,0
6a4572137089863e,train/6a4572137089863e.jpg,1
6a614034fc4822ba,train/6a614034fc4822ba.jpg,0
6a73beb1e2f31aa6,train/6a73beb1e2f31aa6.jpg,0
6ab55387c98629b2,train/6ab55387c98629b2.jpg,0
6ad0dfdfb3456915,train/6ad0dfdfb3456915.jpg,1
6aef458b0319a827,train/6aef458b0319a827.jpg,1
6b22f8ef427e5587,train/6b22f8ef427e5587.jpg,0
6b2a22cb97475d55,train/6b2a22cb97475d55.jpg,0
6b41163f62ff1a2d,train/6b41163f62ff1a2d.jpg,0
6b61303411dc4a4d,train/6b61303411dc4a4d.jpg,0
6b7d978a5fb385de,train/6b7d978a5fb385de.jpg,0
6b8cbcc03e7831f9,train/6b8cbcc03e7831f9.jpg,0
6b9fea47a9dbc867,train/6b9fea47a9dbc867.jpg,0
6bb9d31e27bf4704,train/6bb9d31e27bf4704.jpg,1
6bc9506b9c4abc04,train/6bc9506b9c4abc04.jpg,0
6bcfd48ee60abe7f,train/6bcfd48ee60abe7f.jpg,0
6bd0ffd8bc5cb55d,train/6bd0ffd8bc5cb55d.jpg,0
6bf8005aed36b918,train/6bf8005aed36b918.jpg,0
6c04247dc6d07884,train/6c04247dc6d07884.jpg,0
6c0b4803143d3a6f,train/6c0b4803143d3a6f.jpg,0
6c140d0f320c613e,train/6c140d0f320c613e.jpg,1
6c320ce7008ad6cf,train/6c320ce7008ad6cf.jpg,0
6c3e3773021e5360,train/6c3e3773021e5360.jpg,0
6c59ed1c2677ae90,train/6c59ed1c2677ae90.jpg,0
6c7c6f9ed8cee426,train/6c7c6f9ed8cee426.jpg,0
6c9c92e8a94d6647,train/6c9c92e8a94d6647.jpg,0
6cdbb892b04d97f9,train/6cdbb892b04d97f9.jpg,0
6cfd12a52b89679f,train/6cfd12a52b89679f.jpg,0
6d1142e43de43022,train/6d1142e43de43022.jpg,1
6d1b89d0e36b4842,train/6d1b89d0e36b4842.jpg,0
6d7c6ec5fc1c0701,train/6d7c6ec5fc1c0701.jpg,0
6dbdb32ca3fa9235,train/6dbdb32ca3fa9235.jpg,1
6dfce26d814b7d1d,train/6dfce26d814b7d1d.jpg,0
6dfe9261fb0b9c1f,train/6dfe9261fb0b9c1f.jpg,1
6dfebb591d65a950,train/6dfebb591d65a950.jpg,0
6e15a53df28b84a7,train/6e15a53df28b84a7.jpg,0
6e7c6d6033d07faf,train/6e7c6d6033d07faf.jpg,0
6e8db6ed2e30a484,train/6e8db6ed2e30a484.jpg,0
6e8ee25947c512ca,train/6e8ee25947c512ca.jpg,1
6e979371c28d0890,train/6e979371c28d0890.jpg,1
6eae5b06cf8433ad,train/6eae5b06cf8433ad.jpg,0
6ebe6c7aa449a4eb,train/6ebe6c7aa449a4eb.jpg,0
6ef518097e2bad3f,train/6ef518097e2bad3f.jpg,0
6f08d3e965aa65bb,train/6f08d3e965aa65bb.jpg,0
6f0ece2bceb057af,train/6f0ece2bceb057af.jpg,1
6f2f35a728698431,train/6f2f35a728698431.jpg,1
6f3ab9ed0b192a75,train/6f3ab9ed0b192a75.jpg,0
6f3c623200464d28,train/6f3c623200464d28.jpg,1
6f8aa0deb5a4239d,train/6f8aa0deb5a4239d.jpg,0
6f9277e566accea1,train/6f9277e566accea1.jpg,0
6f96093e3524029a,train/6f96093e3524029a.jpg,0
6fa6bde462d9bc2f,train/6fa6bde462d9bc2f.jpg,0
6fae01bbadb9807b,train/6fae01bbadb9807b.jpg,0
6fb12225d1a5c3dd,train/6fb12225d1a5c3dd.jpg,1
6fc61b585a28061a,train/6fc61b585a28061a.jpg,1
701c8c4a1c709ee3,train/701c8c4a1c709ee3.jpg,0
703d3c5891017720,train/703d3c5891017720.jpg,1
703ebe27548b2bd2,train/703ebe27548b2bd2.jpg,0
7061d9c389b2c0d5,train/7061d9c389b2c0d5.jpg,0
706544be210f1c49,train/706544be210f1c49.jpg,0
70c5aaf4bd376381,train/70c5aaf4bd376381.jpg,0
70ec17c6f87c1321,train/70ec17c6f87c1321.jpg,0
70eebd326a192dbb,train/70eebd326a192dbb.jpg,0
7121b1a067bc48f5,train/7121b1a067bc48f5.jpg,1
7123a5fcb306acee,train/7123a5fcb306acee.jpg,0
712f9cb3c6912437,train/712f9cb3c6912437.jpg,0
71a0da8cf712f188,train/71a0da8cf712f188.jpg,1
71ca402dbe44e731,train/71ca402dbe44e731.jpg,0
71ccc73258035469,train/71ccc73258035469.jpg,0
71df886500a5edca,train/71df886500a5edca.jpg,0
71e456f4d6daabfc,train/71e456f4d6daabfc.jpg,0
71f19a60bc976cca,train/71f19a60bc976cca.jpg,0
7204f27557643544,train/7204f27557643544.jpg,0
7220e6bc4a965a2d,train/7220e6bc4a965a2d.jpg,0
7227c6fe34ac0e73,train/7227c6fe34ac0e73.jpg,0
722d904ab9403eb5,train/722d904ab9403eb5.jpg,0
727d24bcfbe19bdc,train/727d24bcfbe19bdc.jpg,0
7287ede785dcfe71,train/7287ede785dcfe71.jpg,0
72ba536baa050d50,train/72ba536baa050d50.jpg,0
72c8f575d22e38fe,train/72c8f575d22e38fe.jpg,1
72e0cecce5f35567,train/72e0cecce5f35567.jpg,1
72fb242d77aa9c67,train/72fb242d77aa9c67.jpg,0
731c8c31fe86326f,train/731c8c31fe86326f.jpg,0
7321c78d1688c4f4,train/7321c78d1688c4f4.jpg,0
7359c920c8e13743,train/7359c920c8e13743.jpg,0
735eae6dfee83d84,train/735eae6dfee83d84.jpg,0
73619496cb6022e2,train/73619496cb6022e2.jpg,1
7387f5182571a027,train/7387f5182571a027.jpg,0
73a5b9622c714c20,train/73a5b9622c714c20.jpg,1
73c70a513c5fe978,train/73c70a513c5fe978.jpg,0
73c95d5c8e7d6d55,train/73c95d5c8e7d6d55.jpg,0
7422360f0d859c37,train/7422360f0d859c37.jpg,0
7426d373a28e85f7,train/7426d373a28e85f7.jpg,0
74309a0d2c59c2ce,train/74309a0d2c59c2ce.jpg,1
743cc96e24d9d45f,train/743cc96e24d9d45f.jpg,1
744d179b2afde397,train/744d179b2afde397.jpg,0
744d42b9ca39381b,train/744d42b9ca39381b.jpg,0
745acfaa026cb69d,train/745acfaa026cb69d.jpg,0
7495959c5e1463e0,train/7495959c5e1463e0.jpg,0
75088c4e546895ee,train/75088c4e546895ee.jpg,0
75255f4aa7f652de,train/75255f4aa7f652de.jpg,0
75329236c9a521b9,train/75329236c9a521b9.jpg,0
7537f0659f8a3d8b,train/7537f0659f8a3d8b.jpg,0
75409dd8fd460af2,train/75409dd8fd460af2.jpg,0
7566d1076b6d98a7,train/7566d1076b6d98a7.jpg,0
7568dc55dfef3aa3,train/7568dc55dfef3aa3.jpg,1
759e8d9f43abfada,train/759e8d9f43abfada.jpg,0
75a2140cf73915a9,train/75a2140cf73915a9.jpg,0
75b8285173ba8ee0,train/75b8285173ba8ee0.jpg,0
75bc8ba1ddde3d91,train/75bc8ba1ddde3d91.jpg,0
75dc657455b7257f,train/75dc657455b7257f.jpg,0
75fef6b604fc0f68,train/75fef6b604fc0f68.jpg,0
763bf80f06b837ac,train/763bf80f06b837ac.jpg,1
7647edc0c66fbf4e,train/7647edc0c66fbf4e.jpg,0
767fe14ac72375f3,train/767fe14ac72375f3.jpg,1
769419efb8ac1b5b,train/769419efb8ac1b5b.jpg,0
76a887e30bc5d056,train/76a887e30bc5d056.jpg,0
76b290dcbd593f98,train/76b290dcbd593f98.jpg,0
76e1cffdd3b743b1,train/76e1cffdd3b743b1.jpg,0
76e7255651a8564a,train/76e7255651a8564a.jpg,0
76ef0dd53cee9f7f,train/76ef0dd53cee9f7f.jpg,0
770126f3b193129d,train/770126f3b193129d.jpg,1
771a451ae71159d1,train/771a451ae71159d1.jpg,1
772b9bd9051c2b99,train/772b9bd9051c2b99.jpg,1
774b0f1f36ebd272,train/774b0f1f36ebd272.jpg,0
778334d2e3e09832,train/778334d2e3e09832.jpg,0
7791d90d80320116,train/7791d90d80320116.jpg,0
77c94728401cfc88,train/77c94728401cfc88.jpg,1
77f904d4b98463ba,train/77f904d4b98463ba.jpg,0
780b9baf0c5fcd4b,train/780b9baf0c5fcd4b.jpg,0
785dfe177c0776d1,train/785dfe177c0776d1.jpg,0
786d587b90e0a182,train/786d587b90e0a182.jpg,0
786d61cc60133307,train/786d61cc60133307.jpg,0
7872705b1edb5284,train/7872705b1edb5284.jpg,0
7879a411e2b11e9d,train/7879a411e2b11e9d.jpg,0
787e3bd3b0f77f37,train/787e3bd3b0f77f37.jpg,0
788e54548ba8fa77,train/788e54548ba8fa77.jpg,0
788ef347898e28a6,train/788ef347898e28a6.jpg,0
78b74e19cb04ab1d,train/78b74e19cb04ab1d.jpg,0
78bffef8b2ad5445,train/78bffef8b2ad5445.jpg,0
78c9de477a4cc293,train/78c9de477a4cc293.jpg,1
78f685393d0026f3,train/78f685393d0026f3.jpg,0
790b88e8f5d3e8cc,train/790b88e8f5d3e8cc.jpg,0
790ec33754bdd820,train/790ec33754bdd820.jpg,0
7917d70018b04caf,train/7917d70018b04caf.jpg,0
792a56f87a6a68fd,train/792a56f87a6a68fd.jpg,0
7932d68fc01279fd,train/7932d68fc01279fd.jpg,0
795e5bee61859968,train/795e5bee61859968.jpg,1
79accfa28082f8b1,train/79accfa28082f8b1.jpg,0
79c33701c235feec,train/79c33701c235feec.jpg,1
79d5fefaffce8061,train/79d5fefaffce8061.jpg,0
79f6c69b59e7932b,train/79f6c69b59e7932b.jpg,0
79fc14d52a56cdc5,train/79fc14d52a56cdc5.jpg,0
7a37b90495b5a841,train/7a37b90495b5a841.jpg,0
7a3bb8b584dc303e,train/7a3bb8b584dc303e.jpg,0
7a571cde602cfc10,train/7a571cde602cfc10.jpg,1
7a65f6b17eba10d6,train/7a65f6b17eba10d6.jpg,0
7a6d6302f52517a4,train/7a6d6302f52517a4.jpg,1
7a7b4faf31eb2f94,train/7a7b4faf31eb2f94.jpg,0
7a88b64f56aef5e3,train/7a88b64f56aef5e3.jpg,0
7a9bc1e95be8acea,train/7a9bc1e95be8acea.jpg,1
7aefad9f5ed054c2,train/7aefad9f5ed054c2.jpg,0
7afaeed693e88327,train/7afaeed693e88327.jpg,0
7b35b337a1708314,train/7b35b337a1708314.jpg,0
7b383aeb7efdf5b9,train/7b383aeb7efdf5b9.jpg,0
7b3de3e1dde0e785,train/7b3de3e1dde0e785.jpg,0
7b7dbb4e81cb108b,train/7b7dbb4e81cb108b.jpg,0
7baa5aed86186a4d,train/7baa5aed86186a4d.jpg,1
7bcce39d32209127,train/7bcce39d32209127.jpg,0
7be7dcfc4a24a682,train/7be7dcfc4a24a682.jpg,0
7c07f4c5b1bf4ab2,train/7c07f4c5b1bf4ab2.jpg,0
7c193a4c1264a4bd,train/7c193a4c1264a4bd.jpg,0
7c54d68b6f8795ee,train/7c54d68b6f8795ee.jpg,0
7c8ebb51ed580a60,train/7c8ebb51ed580a60.jpg,1
7ca389bc8e5127f7,train/7ca389bc8e5127f7.jpg,0
7ca5f8f583f8af04,train/7ca5f8f583f8af04.jpg,0
7cb5545c1f99e468,train/7cb5545c1f99e468.jpg,1
7cbc97fbb3eb8340,train/7cbc97fbb3eb8340.jpg,0
7cd9ab43632bf6d0,train/7cd9ab43632bf6d0.jpg,0
7d15744636ea2fa2,train/7d15744636ea2fa2.jpg,1
7d524dc5e53cc93c,train/7d524dc5e53cc93c.jpg,0
7d87a51c99070903,train/7d87a51c99070903.jpg,0
7d9217a871766c99,train/7d9217a871766c99.jpg,0
7d9df17a334cdc4f,train/7d9df17a334cdc4f.jpg,0
7da5ff5b5a5b8fcc,train/7da5ff5b5a5b8fcc.jpg,1
7da986d5004f3d79,train/7da986d5004f3d79.jpg,0
7db987961511cafb,train/7db987961511cafb.jpg,0
7de8c5c2948cbdef,train/7de8c5c2948cbdef.jpg,1
7de996bc099a63ee,train/7de996bc099a63ee.jpg,0
7dfa9109e1f28c29,train/7dfa9109e1f28c29.jpg,0
7e01f49be2788f58,train/7e01f49be2788f58.jpg,1
7e0cd101b1fbf424,train/7e0cd101b1fbf424.jpg,0
7e57b5874a1a846b,train/7e57b5874a1a846b.jpg,0
7ecdbf8e1a6c24a2,train/7ecdbf8e1a6c24a2.jpg,0
7eed3931706dcec7,train/7eed3931706dcec7.jpg,0
7ef2307bb26c8390,train/7ef2307bb26c8390.jpg,0
7f0e76ef265164fe,train/7f0e76ef265164fe.jpg,0
7f26fb0b25ec0d45,train/7f26fb0b25ec0d45.jpg,0
7f2bc9323a5763ff,train/7f2bc9323a5763ff.jpg,0
7f2fb8476a1dfa9a,train/7f2fb8476a1dfa9a.jpg,1
7f5c0f2741b4007c,train/7f5c0f2741b4007c.jpg,0
7f603751b07ae4c7,train/7f603751b07ae4c7.jpg,0
7f608402c67f6959,train/7f608402c67f6959.jpg,0
7f7274906ed6e00a,train/7f7274906ed6e00a.jpg,1
7f875e13d286d143,train/7f875e13d286d143.jpg,0
7fc9056b50228b1d,train/7fc9056b50228b1d.jpg,1
7fd460f0edc21d1e,train/7fd460f0edc21d1e.jpg,1
7fee7ea64aa3666d,train/7fee7ea64aa3666d.jpg,0
804aa93262b4a547,train/804aa93262b4a547.jpg,0
8079f32d536fadf1,train/8079f32d536fadf1.jpg,0
80a6ae6611268b81,train/80a6ae6611268b81.jpg,0
80a81bdfa7e2e1e9,train/80a81bdfa7e2e1e9.jpg,0
80afe322dac99262,train/80afe322dac99262.jpg,0
80dd1c1811abf259,train/80dd1c1811abf259.jpg,0
80dd2f45770df6f1,train/80dd2f45770df6f1.jpg,0
80dfbb978981858a,train/80dfbb978981858a.jpg,0
811ca531b045c464,train/811ca531b045c464.jpg,1
812398405f98e7ae,train/812398405f98e7ae.jpg,0
8134c889f513842f,train/8134c889f513842f.jpg,0
816d218dc05455fa,train/816d218dc05455fa.jpg,0
816eb395d4b455aa,train/816eb395d4b455aa.jpg,1
81727a452215fdae,train/81727a452215fdae.jpg,0
81a045606a83d8fc,train/81a045606a83d8fc.jpg,0
81ae0b0f12deea70,train/81ae0b0f12deea70.jpg,0
81c7e9206baf17f4,train/81c7e9206baf17f4.jpg,0
81e49bfaaf4d664f,train/81e49bfaaf4d664f.jpg,0
81e7390024dc1f7f,train/81e7390024dc1f7f.jpg,0
81ee14623407891b,train/81ee14623407891b.jpg,1
82126b3d8285cb7d,train/82126b3d8285cb7d.jpg,0
8212b489b551d49e,train/8212b489b551d49e.jpg,0
8215b0efeca89c5b,train/8215b0efeca89c5b.jpg,1
826bd1b55b735cb5,train/826bd1b55b735cb5.jpg,1
82727fbbd5d5bbf1,train/82727fbbd5d5bbf1.jpg,1
829b32524bb9ab10,train/829b32524bb9ab10.jpg,0
82a615a0424974cb,train/82a615a0424974cb.jpg,1
82ace43e6df59647,train/82ace43e6df59647.jpg,1
82c07383d70ca064,train/82c07383d70ca064.jpg,0
83021b6f25018b9e,train/83021b6f25018b9e.jpg,0
834aa07c9676c6c8,train/834aa07c9676c6c8.jpg,1
834b8efbcade89f3,train/834b8efbcade89f3.jpg,0
8355a935039da6dc,train/8355a935039da6dc.jpg,0
836368a467c04dd0,train/836368a467c04dd0.jpg,0
836703b28c616721,train/836703b28c616721.jpg,0
838a4a457096a5a7,train/838a4a457096a5a7.jpg,0
838c776cf65b1392,train/838c776cf65b1392.jpg,0
839d828281068c4e,train/839d828281068c4e.jpg,0
83ca8624c64bf2a3,train/83ca8624c64bf2a3.jpg,0
83cc850917156ea2,train/83cc850917156ea2.jpg,0
84288ea9b3f89b7e,train/84288ea9b3f89b7e.jpg,0
8452c5b358c27e92,train/8452c5b358c27e92.jpg,0
846b89a5d583e965,train/846b89a5d583e965.jpg,0
847da52d8a6f3e50,train/847da52d8a6f3e50.jpg,0
8483e3354044fb0e,train/8483e3354044fb0e.jpg,0
848af601f0f04013,train/848af601f0f04013.jpg,0
84ac0d128d76742e,train/84ac0d128d76742e.jpg,0
84b57cb3b953b0b4,train/84b57cb3b953b0b4.jpg,0
84d53164d319ab14,train/84d53164d319ab14.jpg,0
85152bee0dbd2287,train/85152bee0dbd2287.jpg,1
856d6340ff604913,train/856d6340ff604913.jpg,1
857ad290ba693997,train/857ad290ba693997.jpg,0
858e23a43a1a57d3,train/858e23a43a1a57d3.jpg,0
85a122f812de47bd,train/85a122f812de47bd.jpg,0
85b7ad6fe7694601,train/85b7ad6fe7694601.jpg,0
85d9ac2bda412633,train/85d9ac2bda412633.jpg,1
8611f0677490b79e,train/8611f0677490b79e.jpg,0
8634b4ffcf00ea8c,train/8634b4ffcf00ea8c.jpg,1
8679a2fe9ab5f87d,train/8679a2fe9ab5f87d.jpg,1
868eb0566941032d,train/868eb0566941032d.jpg,0
86befcc78573c192,train/86befcc78573c192.jpg,1
86bf23519057f2e2,train/86bf23519057f2e2.jpg,0
86ca4ac9246c3e7f,train/86ca4ac9246c3e7f.jpg,0
86cabed3b695e686,train/86cabed3b695e686.jpg,0
86e5a527c8970857,train/86e5a527c8970857.jpg,0
86e6093165246cfa,train/86e6093165246cfa.jpg,1
86f5c1424378a3d1,train/86f5c1424378a3d1.jpg,0
870e241bf78a64e9,train/870e241bf78a64e9.jpg,0
870f48d79df04b8d,train/870f48d79df04b8d.jpg,0
871336afceb10621,train/871336afceb10621.jpg,1
8715599f3cc0b967,train/8715599f3cc0b967.jpg,1
8715cefd33a11469,train/8715cefd33a11469.jpg,0
8717b873825a3dca,train/8717b873825a3dca.jpg,0
87233564756d5849,train/87233564756d5849.jpg,0
8733958c1bac56e7,train/8733958c1bac56e7.jpg,0
8744e07a8f611984,train/8744e07a8f611984.jpg,0
8755b89207016742,train/8755b89207016742.jpg,0
87cd7ad50be21e2d,train/87cd7ad50be21e2d.jpg,0
87d4123d63913253,train/87d4123d63913253.jpg,0
87f46a9467a91811,train/87f46a9467a91811.jpg,1
88408963bd87bb50,train/88408963bd87bb50.jpg,0
88740517345e015f,train/88740517345e015f.jpg,1
88dafaed10746f29,train/88dafaed10746f29.jpg,0
88e5ed02699052ea,train/88e5ed02699052ea.jpg,0
89079006133bd2e8,train/89079006133bd2e8.jpg,0
8907d4014d36f081,train/8907d4014d36f081.jpg,0
891087b613b202f8,train/891087b613b202f8.jpg,0
893bc86ac822ae48,train/893bc86ac822ae48.jpg,0
894c1d6a902a54a4,train/894c1d6a902a54a4.jpg,1
89594b17bea9ba7f,train/89594b17bea9ba7f.jpg,0
895d410d815ee9cb,train/895d410d815ee9cb.jpg,1
895de3834c4fd485,train/895de3834c4fd485.jpg,0
8965e7b04113276c,train/8965e7b04113276c.jpg,1
896f01247266dc0f,train/896f01247266dc0f.jpg,0
8970742ccbc4e95e,train/8970742ccbc4e95e.jpg,0
89ac560d8e1ca551,train/89ac560d8e1ca551.jpg,0
89b05ac0b2ab777f,train/89b05ac0b2ab777f.jpg,1
89c3046f3ef2dd10,train/89c3046f3ef2dd10.jpg,0
8a06612c2ebe2d24,train/8a06612c2ebe2d24.jpg,0
8a2fa59a16749e1f,train/8a2fa59a16749e1f.jpg,1
8a369b91f6f0dc1c,train/8a369b91f6f0dc1c.jpg,0
8a447a2403936323,train/8a447a2403936323.jpg,1
8a4a29fcd9384686,train/8a4a29fcd9384686.jpg,0
8a5937a07a8eae0b,train/8a5937a07a8eae0b.jpg,0
8a74557f1eb7af0e,train/8a74557f1eb7af0e.jpg,0
8a81ac1178d1ca75,train/8a81ac1178d1ca75.jpg,0
8a839d0d6919dca1,train/8a839d0d6919dca1.jpg,1
8a8c9f99bbf4bbdb,train/8a8c9f99bbf4bbdb.jpg,0
8a9bc5c3fa65c0a0,train/8a9bc5c3fa65c0a0.jpg,0
8aa4b0ce0ea6f834,train/8aa4b0ce0ea6f834.jpg,0
8aab2c62448a64bc,train/8aab2c62448a64bc.jpg,0
8aca280074741aa8,train/8aca280074741aa8.jpg,0
8adaa046ea892f37,train/8adaa046ea892f37.jpg,0
8afdbf13acc0abe4,train/8afdbf13acc0abe4.jpg,0
8b0d8a618982ef4f,train/8b0d8a618982ef4f.jpg,0
8b1432f49462a546,train/8b1432f49462a546.jpg,1
8b1dd75b8e296afe,train/8b1dd75b8e296afe.jpg,0
8b2591ea18407854,train/8b2591ea18407854.jpg,0
8b30423b5671260e,train/8b30423b5671260e.jpg,0
8b3da01d3db87eaf,train/8b3da01d3db87eaf.jpg,0
8b6e5cb693384bea,train/8b6e5cb693384bea.jpg,0
8b7de9ccee3e1c33,train/8b7de9ccee3e1c33.jpg,0
8b83faf33dbefd4a,train/8b83faf33dbefd4a.jpg,0
8bab7f2d200c0242,train/8bab7f2d200c0242.jpg,0
8bb1469976ffe25a,train/8bb1469976ffe25a.jpg,1
8bb8aef867e1d393,train/8bb8aef867e1d393.jpg,0
8bc1341f6c25eeba,train/8bc1341f6c25eeba.jpg,0
8bc5347164a2895a,train/8bc5347164a2895a.jpg,0
8bc8108a679255d9,train/8bc8108a679255d9.jpg,0
8bdcf4897f0193ab,train/8bdcf4897f0193ab.jpg,1
8bf999f56b9498fc,train/8bf999f56b9498fc.jpg,0
8c08202ff448a5ba,train/8c08202ff448a5ba.jpg,1
8c3b8f50cb298ef6,train/8c3b8f50cb298ef6.jpg,1
8c6ea90b08dff969,train/8c6ea90b08dff969.jpg,0
8c73e6605c65836a,train/8c73e6605c65836a.jpg,0
8cae35a0479e4223,train/8cae35a0479e4223.jpg,0
8cc4d86ef8f59dbd,train/8cc4d86ef8f59dbd.jpg,1
8cff02e6a5b8a489,train/8cff02e6a5b8a489.jpg,0
8d70175350d1ac09,train/8d70175350d1ac09.jpg,0
8d7ede9d36bd716f,train/8d7ede9d36bd716f.jpg,0
8d86c33ca35eb4e2,train/8d86c33ca35eb4e2.jpg,0
8d94493efc186282,train/8d94493efc186282.jpg,1
8d9aea4aec4fb7e9,train/8d9aea4aec4fb7e9.jpg,1
8dba8000973d3b70,train/8dba8000973d3b70.jpg,0
8dc3e776d7df6553,train/8dc3e776d7df6553.jpg,1
8dd70b031b25c559,train/8dd70b031b25c559.jpg,0
8dead37a694ca158,train/8dead37a694ca158.jpg,0
8e1d0bb73628799a,train/8e1d0bb73628799a.jpg,0
8e4e2c4663fa787e,train/8e4e2c4663fa787e.jpg,0
8e64917c0bad2896,train/8e64917c0bad2896.jpg,0
8e8b0db3de239d48,train/8e8b0db3de239d48.jpg,0
8f2b73ef77fa75ad,train/8f2b73ef77fa75ad.jpg,1
8f37baaa8ac35194,train/8f37baaa8ac35194.jpg,1
8f443ce8321908ab,train/8f443ce8321908ab.jpg,1
8f54871570074993,train/8f54871570074993.jpg,0
8f5a63e6b4d0fa5b,train/8f5a63e6b4d0fa5b.jpg,0
8f5d0902642aadf1,train/8f5d0902642aadf1.jpg,1
8f8ac23af88756ae,train/8f8ac23af88756ae.jpg,0
8fbbeaf1791988e4,train/8fbbeaf1791988e4.jpg,1
8fcd990c063feadf,train/8fcd990c063feadf.jpg,0
8fea1ff9d166fc6f,train/8fea1ff9d166fc6f.jpg,0
900f151dbde65fb2,train/900f151dbde65fb2.jpg,0
902674b7473219bb,train/902674b7473219bb.jpg,0
90cc653bda2225f5,train/90cc653bda2225f5.jpg,0
90e33532fa76e464,train/90e33532fa76e464.jpg,0
90efac8482d5456e,train/90efac8482d5456e.jpg,1
9100f33291cb082d,train/9100f33291cb082d.jpg,1
9110204856d54cc1,train/9110204856d54cc1.jpg,0
9120959a118c0df1,train/9120959a118c0df1.jpg,0
9133512ff8cdb51f,train/9133512ff8cdb51f.jpg,0
913b13fc25798afe,train/913b13fc25798afe.jpg,0
914c2dce4f7ef708,train/914c2dce4f7ef708.jpg,0
9177646d0de553a5,train/9177646d0de553a5.jpg,1
91945d3e6aea1e60,train/91945d3e6aea1e60.jpg,0
91b014b05f4d9169,train/91b014b05f4d9169.jpg,0
91b63294e31fe347,train/91b63294e31fe347.jpg,0
91b958d90605e596,train/91b958d90605e596.jpg,0
91d92633cec2b3c7,train/91d92633cec2b3c7.jpg,0
9213bf1c455b2b46,train/9213bf1c455b2b46.jpg,0
923e183007a10ae4,train/923e183007a10ae4.jpg,1
927fd755b153230b,train/927fd755b153230b.jpg,1
9280d7730d0648ca,train/9280d7730d0648ca.jpg,1
9289e44098cdeda9,train/9289e44098cdeda9.jpg,0
929205199ecd1a6f,train/929205199ecd1a6f.jpg,1
9296632516614c68,train/9296632516614c68.jpg,0
92d87d22e6715d23,train/92d87d22e6715d23.jpg,0
92ea65f6db71be1e,train/92ea65f6db71be1e.jpg,0
930aab1c906bdd0a,train/930aab1c906bdd0a.jpg,0
930cbbd63c6a9b7c,train/930cbbd63c6a9b7c.jpg,1
930d0b5e6badab05,train/930d0b5e6badab05.jpg,0
930f11cbe3e44a03,train/930f11cbe3e44a03.jpg,0
93250a71e7e1cefe,train/93250a71e7e1cefe.jpg,1
93274101e878048f,train/93274101e878048f.jpg,0
9330266be81ba2df,train/9330266be81ba2df.jpg,0
934cc35fba1c1cad,train/934cc35fba1c1cad.jpg,1
9389bee71ee6c37a,train/9389bee71ee6c37a.jpg,0
93907e4a428c3882,train/93907e4a428c3882.jpg,0
939f9bc8ddcf244d,train/939f9bc8ddcf244d.jpg,0
93a85a1c19bbc1dd,train/93a85a1c19bbc1dd.jpg,0
93e4a54f7de5782e,train/93e4a54f7de5782e.jpg,0
93e65fdb27fd22b8,train/93e65fdb27fd22b8.jpg,0
93ee9e7d91b8bb9d,train/93ee9e7d91b8bb9d.jpg,0
93f00e118e310dfb,train/93f00e118e310dfb.jpg,1
941727b2376566f7,train/941727b2376566f7.jpg,0
942043ffcd5af6cb,train/942043ffcd5af6cb.jpg,0
94611a56afcfca6b,train/94611a56afcfca6b.jpg,0
946773714628e354,train/946773714628e354.jpg,0
9487447c849378bb,train/9487447c849378bb.jpg,0
949c391799b56010,train/949c391799b56010.jpg,0
94a15c3f243e5398,train/94a15c3f243e5398.jpg,0
94a67739e965fc51,train/94a67739e965fc51.jpg,0
94b307b84b55271b,train/94b307b84b55271b.jpg,0
94b5e505c172cc7b,train/94b5e505c172cc7b.jpg,0
94c0141ae954d1d0,train/94c0141ae954d1d0.jpg,0
94da20f31747a897,train/94da20f31747a897.jpg,0
95394d660c713c5b,train/95394d660c713c5b.jpg,0
95573edcd92cdcc2,train/95573edcd92cdcc2.jpg,0
9557bdb281c747ad,train/9557bdb281c747ad.jpg,1
95675dd6cbb5b3fb,train/95675dd6cbb5b3fb.jpg,0
956b6bd84ec5d8c9,train/956b6bd84ec5d8c9.jpg,0
9577fe86410fa0b0,train/9577fe86410fa0b0.jpg,0
9591ebc07ce055ad,train/9591ebc07ce055ad.jpg,1
95be7c4a7c571844,train/95be7c4a7c571844.jpg,0
95e85a31fbacede8,train/95e85a31fbacede8.jpg,0
95f0f0be8cf1c81e,train/95f0f0be8cf1c81e.jpg,0
961fe2b15d67884b,train/961fe2b15d67884b.jpg,0
96290aedeeddb351,train/96290aedeeddb351.jpg,0
963065503a350f8b,train/963065503a350f8b.jpg,1
963d30da5a81a8b3,train/963d30da5a81a8b3.jpg,0
967b1c516fedebc0,train/967b1c516fedebc0.jpg,1
968f76b4416982fe,train/968f76b4416982fe.jpg,0
969bf7cbcd4ca9a0,train/969bf7cbcd4ca9a0.jpg,1
96ba0bbd071c13dd,train/96ba0bbd071c13dd.jpg,1
96bc7cd6aea1ba6f,train/96bc7cd6aea1ba6f.jpg,1
96cf99c38004c6d9,train/96cf99c38004c6d9.jpg,1
96d199cfc2e0b2cb,train/96d199cfc2e0b2cb.jpg,0
96d68fafef0d7c14,train/96d68fafef0d7c14.jpg,0
96e6e7f67de0b963,train/96e6e7f67de0b963.jpg,0
96fc23c103ce3956,train/96fc23c103ce3956.jpg,1
97043c88368ea11f,train/97043c88368ea11f.jpg,0
970e21ad05c40992,train/970e21ad05c40992.jpg,0
97207e19db32774b,train/97207e19db32774b.jpg,0
975a717b17bf2471,train/975a717b17bf2471.jpg,0
97639e0a10a04150,train/97639e0a10a04150.jpg,0
976abb2849b4f442,train/976abb2849b4f442.jpg,1
9775efbbc3cc3478,train/9775efbbc3cc3478.jpg,0
979e3867d7fd9a22,train/979e3867d7fd9a22.jpg,0
979f6575c0c2ba9f,train/979f6575c0c2ba9f.jpg,1
97a3f32db78002e6,train/97a3f32db78002e6.jpg,0
97b2270262543b9c,train/97b2270262543b9c.jpg,0
97bfc93c4ffe45dd,train/97bfc93c4ffe45dd.jpg,0
97c56ac27d9350e5,train/97c56ac27d9350e5.jpg,1
97dab5d3505e180c,train/97dab5d3505e180c.jpg,1
97dd823858e0db51,train/97dd823858e0db51.jpg,0
97de1329e9bd35ce,train/97de1329e9bd35ce.jpg,1
97ed2cf8ceebbda4,train/97ed2cf8ceebbda4.jpg,0
97f79150978783fd,train/97f79150978783fd.jpg,0
98163f2285a074a3,train/98163f2285a074a3.jpg,0
981dc9f996a7133e,train/981dc9f996a7133e.jpg,0
98546c4afa0769a6,train/98546c4afa0769a6.jpg,0
9866b60a39d58881,train/9866b60a39d58881.jpg,0
98a8a162e6cfbc29,train/98a8a162e6cfbc29.jpg,0
98ecf9fcbcfede33,train/98ecf9fcbcfede33.jpg,0
98ed4f4a1092d52e,train/98ed4f4a1092d52e.jpg,0
99355ebf17817a6d,train/99355ebf17817a6d.jpg,1
9948235c9c76d417,train/9948235c9c76d417.jpg,1
997d731d2e4b1d52,train/997d731d2e4b1d52.jpg,0
99823f8ab4d5c3a6,train/99823f8ab4d5c3a6.jpg,0
99a2f418ba495bc0,train/99a2f418ba495bc0.jpg,0
99a8aaababfdd365,train/99a8aaababfdd365.jpg,0
99b013613a55e8fd,train/99b013613a55e8fd.jpg,0
99c344723022e7fc,train/99c344723022e7fc.jpg,0
99c59ba86ebb6faf,train/99c59ba86ebb6faf.jpg,0
99f9a5997e7980ac,train/99f9a5997e7980ac.jpg,0
9a08c51b3a91a741,train/9a08c51b3a91a741.jpg,0
9a28be02106863ba,train/9a28be02106863ba.jpg,0
9a29bddfde89f04c,train/9a29bddfde89f04c.jpg,1
9a78ddcd930ace8e,train/9a78ddcd930ace8e.jpg,0
9a842aec710a92f0,train/9a842aec710a92f0.jpg,1
9aa093d4d25adb2e,train/9aa093d4d25adb2e.jpg,1
9aa135fcc1be371f,train/9aa135fcc1be371f.jpg,0
9aaabc774a447a4b,train/9aaabc774a447a4b.jpg,1
9aab85ac5b6f3e1a,train/9aab85ac5b6f3e1a.jpg,1
9ac977e25d3d7d29,train/9ac977e25d3d7d29.jpg,1
9af539c0420d1752,train/9af539c0420d1752.jpg,0
9b02a96ba24c231a,train/9b02a96ba24c231a.jpg,0
9b2756595f5abbeb,train/9b2756595f5abbeb.jpg,1
9b35f5f327f0fdc9,train/9b35f5f327f0fdc9.jpg,0
9b5cbc6dd1aa1189,train/9b5cbc6dd1aa1189.jpg,1
9b61ecf8bcc53923,train/9b61ecf8bcc53923.jpg,0
9b877dd16cc1646b,train/9b877dd16cc1646b.jpg,1
9b8b85389b5d115e,train/9b8b85389b5d115e.jpg,0
9b93467862aff234,train/9b93467862aff234.jpg,0
9bb7acb4e786a2c0,train/9bb7acb4e786a2c0.jpg,0
9bcaa619ed6019ce,train/9bcaa619ed6019ce.jpg,0
9bdeb45dc681f43e,train/9bdeb45dc681f43e.jpg,0
9bfe12aa4c03ec0f,train/9bfe12aa4c03ec0f.jpg,1
9c160095d00408b1,train/9c160095d00408b1.jpg,1
9c2d6dd04f9de413,train/9c2d6dd04f9de413.jpg,0
9c4eee07980bf783,train/9c4eee07980bf783.jpg,1
9c4f7e4302cfa8c6,train/9c4f7e4302cfa8c6.jpg,0
9c56044b6ca640e0,train/9c56044b6ca640e0.jpg,1
9c7c2f5f95f6c095,train/9c7c2f5f95f6c095.jpg,1
9c919f980f42786c,train/9c919f980f42786c.jpg,1
9cbfce783effd0f3,train/9cbfce783effd0f3.jpg,0
9ccc9f068aade1ee,train/9ccc9f068aade1ee.jpg,0
9cd0354fb9cb41bc,train/9cd0354fb9cb41bc.jpg,0
9cd09c613b3b07e2,train/9cd09c613b3b07e2.jpg,0
9ce1b8f1143d5e33,train/9ce1b8f1143d5e33.jpg,0
9d03e340bbd92a73,train/9d03e340bbd92a73.jpg,0
9d1ac0832cfdfc10,train/9d1ac0832cfdfc10.jpg,1
9d3f97bd0985d085,train/9d3f97bd0985d085.jpg,0
9d4683bc80efdc3a,train/9d4683bc80efdc3a.jpg,1
9d59759ef9443ef6,train/9d59759ef9443ef6.jpg,0
9d883c34254ff880,train/9d883c34254ff880.jpg,1
9d998f39881c60a0,train/9d998f39881c60a0.jpg,1
9dbd2058957b8edc,train/9dbd2058957b8edc.jpg,0
9dc23317a2c0c327,train/9dc23317a2c0c327.jpg,0
9dd41ecc85bf4e8d,train/9dd41ecc85bf4e8d.jpg,1
9ddf827d85697797,train/9ddf827d85697797.jpg,0
9de1941ae25fa5fc,train/9de1941ae25fa5fc.jpg,0
9de2124c20a26d41,train/9de2124c20a26d41.jpg,0
9dfde1f547e983ab,train/9dfde1f547e983ab.jpg,1
9e071e5b077b618d,train/9e071e5b077b618d.jpg,0
9e13c57b88942ed0,train/9e13c57b88942ed0.jpg,0
9e51aa62bd78ffa5,train/9e51aa62bd78ffa5.jpg,0
9e54ba5f5e6c52f0,train/9e54ba5f5e6c52f0.jpg,0
9e58b2abc1e13ed2,train/9e58b2abc1e13ed2.jpg,1
9e5e162d53b8fa31,train/9e5e162d53b8fa31.jpg,0
9e99ac576f2c3382,train/9e99ac576f2c3382.jpg,0
9ea945c0fb9e56ad,train/9ea945c0fb9e56ad.jpg,0
9eb120013f14bf28,train/9eb120013f14bf28.jpg,1
9ef54e22a45a0509,train/9ef54e22a45a0509.jpg,0
9efbba0342ebdf43,train/9efbba0342ebdf43.jpg,0
9f18be724a652a64,train/9f18be724a652a64.jpg,0
9f53fee277fe26f6,train/9f53fee277fe26f6.jpg,0
9f915fc067c03a95,train/9f915fc067c03a95.jpg,0
9f96bc77212bf062,train/9f96bc77212bf062.jpg,0
9f9adee591372aa7,train/9f9adee591372aa7.jpg,0
9fe7109efe9097fb,train/9fe7109efe9097fb.jpg,1
9ffeb8bf24c5b206,train/9ffeb8bf24c5b206.jpg,1
a021f00f49beeefe,train/a021f00f49beeefe.jpg,0
a028f3b7810aaf68,train/a028f3b7810aaf68.jpg,0
a02e09eba2d95f74,train/a02e09eba2d95f74.jpg,1
a04159a730ee999a,train/a04159a730ee999a.jpg,0
a065b88580cc7f7c,train/a065b88580cc7f7c.jpg,0
a0732a3b878ca958,train/a0732a3b878ca958.jpg,0
a0748b5d8ce18be6,train/a0748b5d8ce18be6.jpg,1
a07d37836a0f184c,train/a07d37836a0f184c.jpg,0
a0a8310d6bd79ea4,train/a0a8310d6bd79ea4.jpg,0
a0bdcc3f86c0bff8,train/a0bdcc3f86c0bff8.jpg,0
a0cbbe6a6d018afe,train/a0cbbe6a6d018afe.jpg,0
a0e851612c3cdf39,train/a0e851612c3cdf39.jpg,0
a0f3418761ea2522,train/a0f3418761ea2522.jpg,1
a0fef67531a381b0,train/a0fef67531a381b0.jpg,0
a115b3761486ef88,train/a115b3761486ef88.jpg,0
a11d2515ea405b48,train/a11d2515ea405b48.jpg,1
a130f943557eeb25,train/a130f943557eeb25.jpg,1
a13257474b10ee26,train/a13257474b10ee26.jpg,0
a13aa0b5b38204fb,train/a13aa0b5b38204fb.jpg,0
a15f5fd7f4a4fb1f,train/a15f5fd7f4a4fb1f.jpg,0
a166734d3689dc95,train/a166734d3689dc95.jpg,0
a17231e437c23855,train/a17231e437c23855.jpg,0
a17e0fa93efe6583,train/a17e0fa93efe6583.jpg,0
a1944f2869b09d7b,train/a1944f2869b09d7b.jpg,0
a1d4a667541736c2,train/a1d4a667541736c2.jpg,0
a1df41adda29dc0f,train/a1df41adda29dc0f.jpg,0
a1f2204a0df69f44,train/a1f2204a0df69f44.jpg,1
a22bcdfa15533d45,train/a22bcdfa15533d45.jpg,0
a2378fc59cae793b,train/a2378fc59cae793b.jpg,0
a268d5bfe1490f0c,train/a268d5bfe1490f0c.jpg,1
a26f01eb85a43317,train/a26f01eb85a43317.jpg,0
a2791c7f7e2265ea,train/a2791c7f7e2265ea.jpg,1
a27bb8bdd3e92570,train/a27bb8bdd3e92570.jpg,0
a2ae256ac2e6eef1,train/a2ae256ac2e6eef1.jpg,0
a2d7fd4d1d639d73,train/a2d7fd4d1d639d73.jpg,0
a2fc0ec1c300a12c,train/a2fc0ec1c300a12c.jpg,0
a30bcef38577dcaf,train/a30bcef38577dcaf.jpg,0
a30c5f685649164f,train/a30c5f685649164f.jpg,0
a31090583997e7a8,train/a31090583997e7a8.jpg,0
a320fb1e7c901465,train/a320fb1e7c901465.jpg,0
a32615a620f3e64d,train/a32615a620f3e64d.jpg,0
a3315dd3e79d319c,train/a3315dd3e79d319c.jpg,0
a34afb1cc8d6332d,train/a34afb1cc8d6332d.jpg,0
a3933956534a8a64,train/a3933956534a8a64.jpg,0
a3975345b53ab6a3,train/a3975345b53ab6a3.jpg,0
a3a0238917337578,train/a3a0238917337578.jpg,0
a3c15e39bfef22a8,train/a3c15e39bfef22a8.jpg,0
a424188af7485fce,train/a424188af7485fce.jpg,1
a496a7c8bc97c358,train/a496a7c8bc97c358.jpg,0
a4a8f0574f374f64,train/a4a8f0574f374f64.jpg,0
a4b705990573ffc0,train/a4b705990573ffc0.jpg,0
a4dedcb445602074,train/a4dedcb445602074.jpg,0
a4f029ac466ca313,train/a4f029ac466ca313.jpg,0
a4fb3431412bf5aa,train/a4fb3431412bf5aa.jpg,0
a503b1ae2ebc461a,train/a503b1ae2ebc461a.jpg,0
a52752a0832a74e9,train/a52752a0832a74e9.jpg,1
a53e0778e4ec7dc4,train/a53e0778e4ec7dc4.jpg,0
a59f65bb680dc3f7,train/a59f65bb680dc3f7.jpg,1
a614d54b0635b85a,train/a614d54b0635b85a.jpg,1
a61a4a30a393c0b1,train/a61a4a30a393c0b1.jpg,1
a637638ad690f87d,train/a637638ad690f87d.jpg,0
a655cc41896c9c63,train/a655cc41896c9c63.jpg,0
a6598f197400b8ab,train/a6598f197400b8ab.jpg,1
a6737c360b918f0f,train/a6737c360b918f0f.jpg,0
a68d466f4b419ed7,train/a68d466f4b419ed7.jpg,0
a69ad35dc6ee8527,train/a69ad35dc6ee8527.jpg,0
a6be1e8d24cd1d5b,train/a6be1e8d24cd1d5b.jpg,1
a6dd78499f1f8244,train/a6dd78499f1f8244.jpg,0
a76701d630d0ee82,train/a76701d630d0ee82.jpg,0
a76fbfb832ffcf43,train/a76fbfb832ffcf43.jpg,0
a7afa6844926bc02,train/a7afa6844926bc02.jpg,0
a7afe1ac456467de,train/a7afe1ac456467de.jpg,0
a7d60bb854d66ab6,train/a7d60bb854d66ab6.jpg,1
a82898f9f8df1fcf,train/a82898f9f8df1fcf.jpg,0
a85a8319262ac4ba,train/a85a8319262ac4ba.jpg,1
a85fc24a3b02642f,train/a85fc24a3b02642f.jpg,1
a87e0b14861b4aa6,train/a87e0b14861b4aa6.jpg,0
a884e60b43b0200c,train/a884e60b43b0200c.jpg,1
a8a7876f0da09e0c,train/a8a7876f0da09e0c.jpg,0
a8ce76374aff95f9,train/a8ce76374aff95f9.jpg,0
a8e5e1b4b25f4387,train/a8e5e1b4b25f4387.jpg,0
a92593b08dc2a067,train/a92593b08dc2a067.jpg,0
a92b1e21628d1884,train/a92b1e21628d1884.jpg,1
a945b32976ddb024,train/a945b32976ddb024.jpg,1
a9793253075a8ca6,train/a9793253075a8ca6.jpg,1
a980c64f3ec1a48d,train/a980c64f3ec1a48d.jpg,0
a995346c603b9ae6,train/a995346c603b9ae6.jpg,1
a999461e30214b05,train/a999461e30214b05.jpg,0
a99ee198a433bcae,train/a99ee198a433bcae.jpg,1
a9ca0270177da1f0,train/a9ca0270177da1f0.jpg,0
a9d86e6c942742eb,train/a9d86e6c942742eb.jpg,0
a9ee6a48984af7a6,train/a9ee6a48984af7a6.jpg,0
a9f588f6bab5c77f,train/a9f588f6bab5c77f.jpg,1
aa0b50cd375c92a4,train/aa0b50cd375c92a4.jpg,0
aa445b7f30ef76cb,train/aa445b7f30ef76cb.jpg,0
aa4d6f1e02e1cb37,train/aa4d6f1e02e1cb37.jpg,0
aa5ecfa0ee93266e,train/aa5ecfa0ee93266e.jpg,0
aa63b1bbb1429c20,train/aa63b1bbb1429c20.jpg,0
aa69affc132fed71,train/aa69affc132fed71.jpg,1
aa8752e5ec1d3c23,train/aa8752e5ec1d3c23.jpg,0
aab96bf2f1b30f30,train/aab96bf2f1b30f30.jpg,0
aad3588cff5f11d8,train/aad3588cff5f11d8.jpg,0
aaebc5bb5813898c,train/aaebc5bb5813898c.jpg,1
ab05846e3f84970f,train/ab05846e3f84970f.jpg,0
ab0cd23c0d29535b,train/ab0cd23c0d29535b.jpg,0
ab1c50256eb28407,train/ab1c50256eb28407.jpg,0
ab3aa64de5265a77,train/ab3aa64de5265a77.jpg,0
ab43f6812c08c1ee,train/ab43f6812c08c1ee.jpg,0
ab4596fe5af13411,train/ab4596fe5af13411.jpg,0
ab734fccb69dc6aa,train/ab734fccb69dc6aa.jpg,1
ab97f4a46fc95f8f,train/ab97f4a46fc95f8f.jpg,0
aba836d73c16e774,train/aba836d73c16e774.jpg,1
abc13705e9a1f832,train/abc13705e9a1f832.jpg,0
abdea281f2999545,train/abdea281f2999545.jpg,1
ac028b311180f525,train/ac028b311180f525.jpg,1
ac10dca1a606774a,train/ac10dca1a606774a.jpg,0
ac133c5f611a8e34,train/ac133c5f611a8e34.jpg,0
ac192fa19b97a291,train/ac192fa19b97a291.jpg,1
ac1ddab115f356ec,train/ac1ddab115f356ec.jpg,1
ac1e63c81eb26c0d,train/ac1e63c81eb26c0d.jpg,0
ac30c75a15ea916a,train/ac30c75a15ea916a.jpg,0
ac395a3944896b03,train/ac395a3944896b03.jpg,1
ac3bab87d6ee0dc4,train/ac3bab87d6ee0dc4.jpg,0
ac4a63ad86c867de,train/ac4a63ad86c867de.jpg,0
ac5cea7d8f877473,train/ac5cea7d8f877473.jpg,0
ac6b6a036b1d5aed,train/ac6b6a036b1d5aed.jpg,1
ac7ff6a0f8684dc9,train/ac7ff6a0f8684dc9.jpg,0
aca78f888535b1c2,train/aca78f888535b1c2.jpg,1
acc5d0c50d93b464,train/acc5d0c50d93b464.jpg,0
acf160cd8b476223,train/acf160cd8b476223.jpg,0
ad16b8ca72859fd3,train/ad16b8ca72859fd3.jpg,0
ad36f429e74b47ff,train/ad36f429e74b47ff.jpg,0
ad38d7609953cd6a,train/ad38d7609953cd6a.jpg,0
ad451c70bdc1d5fb,train/ad451c70bdc1d5fb.jpg,0
ad6330b6a55ddd78,train/ad6330b6a55ddd78.jpg,0
ad6b5b7b1f4a9171,train/ad6b5b7b1f4a9171.jpg,1
ad78ffc0284c0eb2,train/ad78ffc0284c0eb2.jpg,1
adb0d31e45e99969,train/adb0d31e45e99969.jpg,1
adb8063cfa7ad2ef,train/adb8063cfa7ad2ef.jpg,0
add77124e99e437c,train/add77124e99e437c.jpg,1
ade89bb213e58541,train/ade89bb213e58541.jpg,1
ade9febb102dce7f,train/ade9febb102dce7f.jpg,1
aded0f4f7905c0b3,train/aded0f4f7905c0b3.jpg,1
adf3b6c327740582,train/adf3b6c327740582.jpg,0
adf602fafd39e8c1,train/adf602fafd39e8c1.jpg,0
adfc73d6e3b99d71,train/adfc73d6e3b99d71.jpg,0
ae2cf1df68e1db20,train/ae2cf1df68e1db20.jpg,0
ae4135687e2962ce,train/ae4135687e2962ce.jpg,0
ae530cb973482176,train/ae530cb973482176.jpg,0
ae6a3ca5ab7259f4,train/ae6a3ca5ab7259f4.jpg,1
ae878990abcb713e,train/ae878990abcb713e.jpg,0
ae8c2f70ba34edba,train/ae8c2f70ba34edba.jpg,0
aebc22731158d52e,train/aebc22731158d52e.jpg,0
aee46691b74a9ce2,train/aee46691b74a9ce2.jpg,0
aefb8c0d9d0f6dd1,train/aefb8c0d9d0f6dd1.jpg,1
af0886c0375d654c,train/af0886c0375d654c.jpg,0
af0f1198d571511e,train/af0f1198d571511e.jpg,0
af5f267aa39ac914,train/af5f267aa39ac914.jpg,1
af71834bbb3ca7a2,train/af71834bbb3ca7a2.jpg,0
af7dd7a5e54d96e0,train/af7dd7a5e54d96e0.jpg,0
af9d59896e1f8c05,train/af9d59896e1f8c05.jpg,0
afade3a84df744f9,train/afade3a84df744f9.jpg,0
afb1e25beace819d,train/afb1e25beace819d.jpg,0
afd0fd73eab25dd2,train/afd0fd73eab25dd2.jpg,0
afd2088e9a180c58,train/afd2088e9a180c58.jpg,0
afee5cc2547a3fd1,train/afee5cc2547a3fd1.jpg,0
aff7f380c4721cda,train/aff7f380c4721cda.jpg,1
b028622780dc8b85,train/b028622780dc8b85.jpg,0
b04263aeacdc53eb,train/b04263aeacdc53eb.jpg,0
b067d0a748d56977,train/b067d0a748d56977.jpg,0
b07ce74a7f08cf9a,train/b07ce74a7f08cf9a.jpg,0
b07efccbd0cd8ee9,train/b07efccbd0cd8ee9.jpg,0
b088168cc07f7cff,train/b088168cc07f7cff.jpg,1
b09a8efdc5ae1d30,train/b09a8efdc5ae1d30.jpg,1
b0d38a190288ef4b,train/b0d38a190288ef4b.jpg,0
b0f7293719ff8139,train/b0f7293719ff8139.jpg,0
b10867e2316dbc40,train/b10867e2316dbc40.jpg,0
b1157130fdc8d653,train/b1157130fdc8d653.jpg,0
b13b97f82a45f75a,train/b13b97f82a45f75a.jpg,0
b1437c0f6cc5b57a,train/b1437c0f6cc5b57a.jpg,0
b1442c5d4ef413c7,train/b1442c5d4ef413c7.jpg,1
b1444e07a5fc99e9,train/b1444e07a5fc99e9.jpg,0
b147f003cc03cee0,train/b147f003cc03cee0.jpg,0
b148ef475531a376,train/b148ef475531a376.jpg,0
b15d985b168c6c7b,train/b15d985b168c6c7b.jpg,0
b179ab7f7b3fde84,train/b179ab7f7b3fde84.jpg,0
b18164f358d18437,train/b18164f358d18437.jpg,0
b18ae78b3aa31fa9,train/b18ae78b3aa31fa9.jpg,0
b1ae0185740917a6,train/b1ae0185740917a6.jpg,0
b1b3db397d4cb5c6,train/b1b3db397d4cb5c6.jpg,0
b1d1bdc5611a98b5,train/b1d1bdc5611a98b5.jpg,1
b1e004d27865f45d,train/b1e004d27865f45d.jpg,0
b218793b5058f667,train/b218793b5058f667.jpg,0
b2230087a7015a2e,train/b2230087a7015a2e.jpg,1
b2610279873fc5ae,train/b2610279873fc5ae.jpg,1
b2717ba74ee67a40,train/b2717ba74ee67a40.jpg,0
b2b6907c3df15d76,train/b2b6907c3df15d76.jpg,1
b2c5cabbd9f6c106,train/b2c5cabbd9f6c106.jpg,0
b2f3b7014212bdc6,train/b2f3b7014212bdc6.jpg,0
b31e4c4a89271047,train/b31e4c4a89271047.jpg,0
b322dbc27c142b73,train/b322dbc27c142b73.jpg,0
b3332869edb29d3b,train/b3332869edb29d3b.jpg,0
b3372e84ea79d492,train/b3372e84ea79d492.jpg,0
b35d11fdce4ebf5c,train/b35d11fdce4ebf5c.jpg,0
b36f9a74dac97605,train/b36f9a74dac97605.jpg,0
b39151681bbeee99,train/b39151681bbeee99.jpg,0
b3b4de75e8dc6db5,train/b3b4de75e8dc6db5.jpg,0
b3c849a617556ec5,train/b3c849a617556ec5.jpg,0
b3e4c3a0a4227bf6,train/b3e4c3a0a4227bf6.jpg,0
b4035eb3dbfe08a4,train/b4035eb3dbfe08a4.jpg,0
b4292daf075b9560,train/b4292daf075b9560.jpg,0
b42e77f53bb63991,train/b42e77f53bb63991.jpg,0
b43a377971aee770,train/b43a377971aee770.jpg,0
b47f10d42e58bde1,train/b47f10d42e58bde1.jpg,0
b4a556d4570ec93c,train/b4a556d4570ec93c.jpg,1
b4cac3a79f2eb972,train/b4cac3a79f2eb972.jpg,0
b4cc71f31cd7c120,train/b4cc71f31cd7c120.jpg,0
b4e0e7d8d136da9c,train/b4e0e7d8d136da9c.jpg,1
b4f7ef8ac87a99ef,train/b4f7ef8ac87a99ef.jpg,1
b522cd71f7dda939,train/b522cd71f7dda939.jpg,0
b527964bb8ec7b89,train/b527964bb8ec7b89.jpg,1
b530a9e7ab579a3e,train/b530a9e7ab579a3e.jpg,0
b54c8b6221db930d,train/b54c8b6221db930d.jpg,1
b5704ac9fff006ea,train/b5704ac9fff006ea.jpg,0
b5c69b3f8997b8f8,train/b5c69b3f8997b8f8.jpg,1
b5fb26657ed8b628,train/b5fb26657ed8b628.jpg,0
b60bf06170d44977,train/b60bf06170d44977.jpg,0
b60dbdf782c6c178,train/b60dbdf782c6c178.jpg,0
b617608f32c4d180,train/b617608f32c4d180.jpg,0
b619c096f85d2ab5,train/b619c096f85d2ab5.jpg,0
b61fbc6d775306cc,train/b61fbc6d775306cc.jpg,0
b63dd26b15d7da94,train/b63dd26b15d7da94.jpg,0
b640915a0f22b7b6,train/b640915a0f22b7b6.jpg,0
b64d6fecb807a6a4,train/b64d6fecb807a6a4.jpg,0
b6e566670f49b033,train/b6e566670f49b033.jpg,0
b6f3dddb0ac133ef,train/b6f3dddb0ac133ef.jpg,0
b719a277e2aac5f6,train/b719a277e2aac5f6.jpg,0
b71a1c40bc3decbd,train/b71a1c40bc3decbd.jpg,1
b742bcafc3535d1d,train/b742bcafc3535d1d.jpg,0
b748d45adf734368,train/b748d45adf734368.jpg,1
b74f6eaa70d47174,train/b74f6eaa70d47174.jpg,0
b7517dfca8864e8b,train/b7517dfca8864e8b.jpg,0
b754ccf72839cbda,train/b754ccf72839cbda.jpg,0
b760622d8c74ccea,train/b760622d8c74ccea.jpg,0
b771b5b118e05003,train/b771b5b118e05003.jpg,1
b7a6e03e6e822a43,train/b7a6e03e6e822a43.jpg,0
b7a739417d884acd,train/b7a739417d884acd.jpg,0
b7abbc96ea7ae476,train/b7abbc96ea7ae476.jpg,0
b7b2630023cb6d6c,train/b7b2630023cb6d6c.jpg,0
b7bb0b0295cf9e36,train/b7bb0b0295cf9e36.jpg,0
b7c6026a0bb2c0ba,train/b7c6026a0bb2c0ba.jpg,0
b7cba72db8eae111,train/b7cba72db8eae111.jpg,0
b7e3a38f9eda35e0,train/b7e3a38f9eda35e0.jpg,0
b822f0bbaf184aaa,train/b822f0bbaf184aaa.jpg,0
b846579f48b6d319,train/b846579f48b6d319.jpg,0
b869ed7900abd53b,train/b869ed7900abd53b.jpg,1
b87c8ce45c58e99d,train/b87c8ce45c58e99d.jpg,0
b8bd1922a105884a,train/b8bd1922a105884a.jpg,1
b8c994701508e74c,train/b8c994701508e74c.jpg,1
b8e13a87290bf840,train/b8e13a87290bf840.jpg,0
b909e2f3c1970fc0,train/b909e2f3c1970fc0.jpg,0
b915b1de4673e383,train/b915b1de4673e383.jpg,1
b91e972e55d52d62,train/b91e972e55d52d62.jpg,0
b955af60e7a4f943,train/b955af60e7a4f943.jpg,0
b95c53acbeb96a92,train/b95c53acbeb96a92.jpg,0
b99b12b14c0f1998,train/b99b12b14c0f1998.jpg,0
b9a22c72f93b822c,train/b9a22c72f93b822c.jpg,1
b9a81555a1f34cc5,train/b9a81555a1f34cc5.jpg,0
b9e22f15a3e7f2f9,train/b9e22f15a3e7f2f9.jpg,0
b9fdbd689d14af60,train/b9fdbd689d14af60.jpg,1
b9feb122ac2d1748,train/b9feb122ac2d1748.jpg,1
ba4f62752b62c962,train/ba4f62752b62c962.jpg,0
ba549157c4dc0795,train/ba549157c4dc0795.jpg,0
ba666d2172aa8310,train/ba666d2172aa8310.jpg,0
ba7b082d01fa9ebb,train/ba7b082d01fa9ebb.jpg,1
bac8ba9673d26f83,train/bac8ba9673d26f83.jpg,1
bafb848c7a5f9a7e,train/bafb848c7a5f9a7e.jpg,0
bb0c8fd1a5d9c91a,train/bb0c8fd1a5d9c91a.jpg,0
bb2a5dfbc269b3a3,train/bb2a5dfbc269b3a3.jpg,0
bb3f00db131f6103,train/bb3f00db131f6103.jpg,0
bb564b857cb55cdb,train/bb564b857cb55cdb.jpg,1
bb6c4c1e197fa115,train/bb6c4c1e197fa115.jpg,0
bbb11e59620a5ff6,train/bbb11e59620a5ff6.jpg,0
bc139171db33b772,train/bc139171db33b772.jpg,0
bc237672677b8c25,train/bc237672677b8c25.jpg,0
bc6398f1e2e852ff,train/bc6398f1e2e852ff.jpg,0
bc7f65699f4d14fc,train/bc7f65699f4d14fc.jpg,0
bc96a0b3e4adc4e4,train/bc96a0b3e4adc4e4.jpg,0
bc9caeba24c4fa71,train/bc9caeba24c4fa71.jpg,1
bca1c387666b2669,train/bca1c387666b2669.jpg,0
bca2433675c411c9,train/bca2433675c411c9.jpg,1
bcf49480dbcdf20c,train/bcf49480dbcdf20c.jpg,0
bcfc7500bf9c870b,train/bcfc7500bf9c870b.jpg,0
bd578880fa0821ad,train/bd578880fa0821ad.jpg,0
bd60dc915c61c198,train/bd60dc915c61c198.jpg,0
bd73d40d7bf5333e,train/bd73d40d7bf5333e.jpg,0
bd852f3f55262649,train/bd852f3f55262649.jpg,0
bd88e613ad8d67b0,train/bd88e613ad8d67b0.jpg,0
bd9365d24df529ec,train/bd9365d24df529ec.jpg,0
bda410a09f7efd98,train/bda410a09f7efd98.jpg,0
bdba815c5ade1b46,train/bdba815c5ade1b46.jpg,1
bddcafee321f905e,train/bddcafee321f905e.jpg,0
be1d5497e17b70a5,train/be1d5497e17b70a5.jpg,0
be2baeabb55dc9ce,train/be2baeabb55dc9ce.jpg,0
be5c4b0f9229ff86,train/be5c4b0f9229ff86.jpg,1
be731bcb71b8cf0d,train/be731bcb71b8cf0d.jpg,0
be9a7473a4182741,train/be9a7473a4182741.jpg,0
bed42bf6d23e98d3,train/bed42bf6d23e98d3.jpg,0
bedbfbb6c46da575,train/bedbfbb6c46da575.jpg,0
bf07d5f2b5f33830,train/bf07d5f2b5f33830.jpg,1
bf0e91ae786489bd,train/bf0e91ae786489bd.jpg,1
bf34ec194e10623a,train/bf34ec194e10623a.jpg,0
bf4d6dbd189ec0af,train/bf4d6dbd189ec0af.jpg,0
bf650662406e5d4f,train/bf650662406e5d4f.jpg,1
bffe5c45e9d566d1,train/bffe5c45e9d566d1.jpg,1
c049131e1a5910cd,train/c049131e1a5910cd.jpg,0
c05a8b63c6a75323,train/c05a8b63c6a75323.jpg,0
c061e1ce02620c20,train/c061e1ce02620c20.jpg,0
c066242dbee6a278,train/c066242dbee6a278.jpg,0
c08290866a18d56a,train/c08290866a18d56a.jpg,0
c084d21ba1bf43af,train/c084d21ba1bf43af.jpg,1
c086d8794252a753,train/c086d8794252a753.jpg,0
c0944fa0edb0e65c,train/c0944fa0edb0e65c.jpg,1
c0db2c4a737b4a29,train/c0db2c4a737b4a29.jpg,0
c0e9d0d5578f615f,train/c0e9d0d5578f615f.jpg,1
c0f6cb2d2965390e,train/c0f6cb2d2965390e.jpg,0
c101cf9f8fcb3380,train/c101cf9f8fcb3380.jpg,0
c10e1e1685976744,train/c10e1e1685976744.jpg,1
c12da69ffd5aafea,train/c12da69ffd5aafea.jpg,0
c149a45c26c5079d,train/c149a45c26c5079d.jpg,0
c14d29806c303eac,train/c14d29806c303eac.jpg,0
c1732776970a93cf,train/c1732776970a93cf.jpg,0
c195470bb1ba37a8,train/c195470bb1ba37a8.jpg,0
c1a79c3c130ec1ec,train/c1a79c3c130ec1ec.jpg,1
c1bcb2a2578b8a32,train/c1bcb2a2578b8a32.jpg,0
c1bfed7e9be83c9a,train/c1bfed7e9be83c9a.jpg,0
c1ee188352cd50da,train/c1ee188352cd50da.jpg,1
c1f5050200ebc0b2,train/c1f5050200ebc0b2.jpg,0
c1f81d5b6d2d47f3,train/c1f81d5b6d2d47f3.jpg,1
c223981e903e3972,train/c223981e903e3972.jpg,0
c22bda04db9f4762,train/c22bda04db9f4762.jpg,0
c240fba943675d71,train/c240fba943675d71.jpg,0
c29cea035c869f10,train/c29cea035c869f10.jpg,0
c2a5f3c169090350,train/c2a5f3c169090350.jpg,0
c2ac437beff12320,train/c2ac437beff12320.jpg,1
c2b9844160129e50,train/c2b9844160129e50.jpg,0
c2f517ad3bc4d873,train/c2f517ad3bc4d873.jpg,0
c2f5ce1bd3719188,train/c2f5ce1bd3719188.jpg,1
c3202e6488826ac5,train/c3202e6488826ac5.jpg,0
c343598ad07ba529,train/c343598ad07ba529.jpg,1
c36de7e928ef397a,train/c36de7e928ef397a.jpg,0
c36fd6ee4eb164e9,train/c36fd6ee4eb164e9.jpg,0
c3bffe1b844bae88,train/c3bffe1b844bae88.jpg,0
c3cd160d99ec73c7,train/c3cd160d99ec73c7.jpg,1
c3d6aa9ff7224525,train/c3d6aa9ff7224525.jpg,0
c3dff1e618203eb6,train/c3dff1e618203eb6.jpg,0
c3e0dcb6be801630,train/c3e0dcb6be801630.jpg,0
c4547cf3869589ae,train/c4547cf3869589ae.jpg,0
c48c57940b68bcee,train/c48c57940b68bcee.jpg,1
c4a7b39aa0f54fec,train/c4a7b39aa0f54fec.jpg,1
c4b1c1686d8d1ee2,train/c4b1c1686d8d1ee2.jpg,0
c4b5d73067131d5b,train/c4b5d73067131d5b.jpg,0
c4e0627a526f52f2,train/c4e0627a526f52f2.jpg,0
c510e2bd48e0248e,train/c510e2bd48e0248e.jpg,1
c5128f002d596806,train/c5128f002d596806.jpg,0
c53b7a4b4350d95b,train/c53b7a4b4350d95b.jpg,0
c54096a8714a9c8e,train/c54096a8714a9c8e.jpg,1
c5448da7abb3f086,train/c5448da7abb3f086.jpg,0
c5af963b4c7e9620,train/c5af963b4c7e9620.jpg,0
c5b5cb3ebe83e01e,train/c5b5cb3ebe83e01e.jpg,1
c5bb1bfff2a28bbd,train/c5bb1bfff2a28bbd.jpg,0
c5e80b8102fa9efa,train/c5e80b8102fa9efa.jpg,0
c5ef7bf8c57b0ac5,train/c5ef7bf8c57b0ac5.jpg,0
c67e701444880f5a,train/c67e701444880f5a.jpg,0
c6a24c1617eba9c2,train/c6a24c1617eba9c2.jpg,0
c6bf13217a8d0b3c,train/c6bf13217a8d0b3c.jpg,0
c6d3d498dcb5b220,train/c6d3d498dcb5b220.jpg,1
c71692cf97d97dfe,train/c71692cf97d97dfe.jpg,0
c7267062f2a36d1e,train/c7267062f2a36d1e.jpg,1
c7278de2e6614fd9,train/c7278de2e6614fd9.jpg,0
c729a1f0291f4a6b,train/c729a1f0291f4a6b.jpg,1
c7351d2b7b15641d,train/c7351d2b7b15641d.jpg,0
c75302c9451cbbfe,train/c75302c9451cbbfe.jpg,1
c7913053c8412c44,train/c7913053c8412c44.jpg,0
c7a54d327074f5f1,train/c7a54d327074f5f1.jpg,0
c7aa6782a045cf94,train/c7aa6782a045cf94.jpg,0
c7ab0b208745edbc,train/c7ab0b208745edbc.jpg,1
c7c086e2fdb88de2,train/c7c086e2fdb88de2.jpg,0
c7c8d4e8270608a9,train/c7c8d4e8270608a9.jpg,0
c7caff6aad013e48,train/c7caff6aad013e48.jpg,1
c7d8fff1c84c9835,train/c7d8fff1c84c9835.jpg,1
c7ed45a2ec9fb4b8,train/c7ed45a2ec9fb4b8.jpg,1
c803ef2d2af292f5,train/c803ef2d2af292f5.jpg,1
c80d9dad49fdb88a,train/c80d9dad49fdb88a.jpg,0
c82af3d62094b036,train/c82af3d62094b036.jpg,1
c82b5916c87c15c9,train/c82b5916c87c15c9.jpg,0
c85543b6a8bace2e,train/c85543b6a8bace2e.jpg,0
c85a23e4e3931f53,train/c85a23e4e3931f53.jpg,0
c85ea7a432c214ac,train/c85ea7a432c214ac.jpg,1
c86482b0dc5816a5,train/c86482b0dc5816a5.jpg,0
c870a0e7182dfe52,train/c870a0e7182dfe52.jpg,1
c8c11e2876dd3ebd,train/c8c11e2876dd3ebd.jpg,0
c8d9f52c04c6e99a,train/c8d9f52c04c6e99a.jpg,0
c8fa0a86e04a1959,train/c8fa0a86e04a1959.jpg,1
c90478e7e712a851,train/c90478e7e712a851.jpg,0
c92befa329c96c6c,train/c92befa329c96c6c.jpg,0
c92cae557c7a4872,train/c92cae557c7a4872.jpg,0
c92eeb539eaacdab,train/c92eeb539eaacdab.jpg,1
c9a40ffc9cd443a0,train/c9a40ffc9cd443a0.jpg,0
ca19e768ff293724,train/ca19e768ff293724.jpg,1
ca5685086edb6e3d,train/ca5685086edb6e3d.jpg,0
ca9fe69ac4c51091,train/ca9fe69ac4c51091.jpg,0
cab81e6e9a851c7b,train/cab81e6e9a851c7b.jpg,0
cabc02b4908e792a,train/cabc02b4908e792a.jpg,0
cb241cedf06e3e73,train/cb241cedf06e3e73.jpg,1
cb381b112ae36cb3,train/cb381b112ae36cb3.jpg,1
cb3c2a7fccdeb82f,train/cb3c2a7fccdeb82f.jpg,0
cb4f436e7b38bce0,train/cb4f436e7b38bce0.jpg,0
cb5904f092a9becf,train/cb5904f092a9becf.jpg,0
cb704daf6927852e,train/cb704daf6927852e.jpg,0
cb7c00f51397b9ef,train/cb7c00f51397b9ef.jpg,0
cb9af1c2bf865381,train/cb9af1c2bf865381.jpg,1
cbdcd634da1f3cd3,train/cbdcd634da1f3cd3.jpg,1
cc4a00a97a9e3c6f,train/cc4a00a97a9e3c6f.jpg,0
cc5daeeaa3240903,train/cc5daeeaa3240903.jpg,0
cc68ffa39ff28817,train/cc68ffa39ff28817.jpg,1
cc7005ea8ee00c61,train/cc7005ea8ee00c61.jpg,0
ccb139cf70e54756,train/ccb139cf70e54756.jpg,0
ccba2368d4a6e95b,train/ccba2368d4a6e95b.jpg,1
ccc47963f8aa6f29,train/ccc47963f8aa6f29.jpg,0
ccff6b440a2fea15,train/ccff6b440a2fea15.jpg,0
cd0d8992d0b74445,train/cd0d8992d0b74445.jpg,0
cd37192c9e019677,train/cd37192c9e019677.jpg,0
cd4139402dd37bad,train/cd4139402dd37bad.jpg,0
cd51f579d23d3c9b,train/cd51f579d23d3c9b.jpg,0
cd7315ea03ab39f0,train/cd7315ea03ab39f0.jpg,0
cd9f0ccdb2abd565,train/cd9f0ccdb2abd565.jpg,1
cda23abd743ea0d9,train/cda23abd743ea0d9.jpg,0
cdb8c0cd461f3511,train/cdb8c0cd461f3511.jpg,0
cdbe653c79d6aa80,train/cdbe653c79d6aa80.jpg,0
cdc727f0081bf14d,train/cdc727f0081bf14d.jpg,0
cdd192dd16576de6,train/cdd192dd16576de6.jpg,0
cdd61a3d7a0726f2,train/cdd61a3d7a0726f2.jpg,0
cdec3737883e8bde,train/cdec3737883e8bde.jpg,1
cded09bdcaff3371,train/cded09bdcaff3371.jpg,1
cdf386032188e823,train/cdf386032188e823.jpg,0
ce3aef85e797df81,train/ce3aef85e797df81.jpg,0
ce537868b830a38b,train/ce537868b830a38b.jpg,0
ce75f4d1270ef798,train/ce75f4d1270ef798.jpg,0
ce811bd337a0446f,train/ce811bd337a0446f.jpg,0
ce8a5a115b02d50e,train/ce8a5a115b02d50e.jpg,1
ceba086937c5e881,train/ceba086937c5e881.jpg,0
ceca206ae90b8c65,train/ceca206ae90b8c65.jpg,1
ceccdd81a1698a27,train/ceccdd81a1698a27.jpg,0
cf28a40810c3d5a8,train/cf28a40810c3d5a8.jpg,0
cf2dafb03b0c8137,train/cf2dafb03b0c8137.jpg,0
cf3dc8841e60c5c7,train/cf3dc8841e60c5c7.jpg,0
cf4c29b56ad1dce2,train/cf4c29b56ad1dce2.jpg,0
cf8dacb00e2be700,train/cf8dacb00e2be700.jpg,0
cfc0d4275572d361,train/cfc0d4275572d361.jpg,0
d01b625161ebd2a7,train/d01b625161ebd2a7.jpg,0
d023f036426ac8f7,train/d023f036426ac8f7.jpg,0
d0542414eda7fe2f,train/d0542414eda7fe2f.jpg,1
d0876ada3f0a16ff,train/d0876ada3f0a16ff.jpg,1
d0aa2bc6fc0383c3,train/d0aa2bc6fc0383c3.jpg,0
d0d96a7660721b37,train/d0d96a7660721b37.jpg,0
d0e62c21ce27ed91,train/d0e62c21ce27ed91.jpg,0
d0e91679991a03d4,train/d0e91679991a03d4.jpg,0
d0f5a352ee128b78,train/d0f5a352ee128b78.jpg,0
d0fb293fb41ff4d3,train/d0fb293fb41ff4d3.jpg,0
d1015d6651735ffe,train/d1015d6651735ffe.jpg,0
d1123186e5542e34,train/d1123186e5542e34.jpg,0
d118488b3687f5fb,train/d118488b3687f5fb.jpg,1
d1187083c9f99ba4,train/d1187083c9f99ba4.jpg,1
d12a90c61f883534,train/d12a90c61f883534.jpg,0
d12bc3746cde71d6,train/d12bc3746cde71d6.jpg,1
d13708710101fef4,train/d13708710101fef4.jpg,0
d164228352ae4536,train/d164228352ae4536.jpg,1
d16d30a4c8b1430c,train/d16d30a4c8b1430c.jpg,1
d178bef15ea492c2,train/d178bef15ea492c2.jpg,0
d1861bf19bf89179,train/d1861bf19bf89179.jpg,0
d1c1059f9be0a662,train/d1c1059f9be0a662.jpg,0
d1cffaad95bef6bb,train/d1cffaad95bef6bb.jpg,0
d1e2794acdb46d72,train/d1e2794acdb46d72.jpg,0
d206a58a08b2b193,train/d206a58a08b2b193.jpg,0
d2105030a53df299,train/d2105030a53df299.jpg,1
d218f35eebbfaf45,train/d218f35eebbfaf45.jpg,1
d24b5c871b92f7ac,train/d24b5c871b92f7ac.jpg,1
d257f50613b7d5be,train/d257f50613b7d5be.jpg,1
d25e7a4acd0e63f2,train/d25e7a4acd0e63f2.jpg,0
d28c4b76f5430bf3,train/d28c4b76f5430bf3.jpg,0
d299e28628ca15bc,train/d299e28628ca15bc.jpg,0
d2a11688ff75cf4b,train/d2a11688ff75cf4b.jpg,1
d2a3fea11b93082a,train/d2a3fea11b93082a.jpg,0
d2c43515198f39d0,train/d2c43515198f39d0.jpg,0
d2e9bd63696e4640,train/d2e9bd63696e4640.jpg,0
d32673e4dbd3fcb8,train/d32673e4dbd3fcb8.jpg,0
d3a8d2b7135c6a43,train/d3a8d2b7135c6a43.jpg,0
d3e2d5b0881edd5f,train/d3e2d5b0881edd5f.jpg,1
d3fda1a76aca07d7,train/d3fda1a76aca07d7.jpg,0
d401b60c29d13364,train/d401b60c29d13364.jpg,1
d423e6b6d711c40e,train/d423e6b6d711c40e.jpg,0
d428a7bbc7565d64,train/d428a7bbc7565d64.jpg,0
d45686af8dcc6b00,train/d45686af8dcc6b00.jpg,0
d45913443ff9c93f,train/d45913443ff9c93f.jpg,0
d4ad59d4a2a17f7e,train/d4ad59d4a2a17f7e.jpg,1
d505cc963f639297,train/d505cc963f639297.jpg,0
d5199e4c07c0d218,train/d5199e4c07c0d218.jpg,0
d53ca0e004145cd0,train/d53ca0e004145cd0.jpg,1
d5662d40f32572ed,train/d5662d40f32572ed.jpg,0
d5804835850e3ef9,train/d5804835850e3ef9.jpg,0
d5a99444dc521756,train/d5a99444dc521756.jpg,0
d5bfcd08d88f5563,train/d5bfcd08d88f5563.jpg,0
d5de8310e4aad127,train/d5de8310e4aad127.jpg,0
d5f38cf1487d8624,train/d5f38cf1487d8624.jpg,1
d5f9fc0fa2d27233,train/d5f9fc0fa2d27233.jpg,0
d61cb00ebb98ebc3,train/d61cb00ebb98ebc3.jpg,0
d64435ade110464f,train/d64435ade110464f.jpg,0
d6531295fe51bdce,train/d6531295fe51bdce.jpg,0
d66aeb9a37581c33,train/d66aeb9a37581c33.jpg,0
d694bd42d8633295,train/d694bd42d8633295.jpg,0
d6975f069e17cecf,train/d6975f069e17cecf.jpg,0
d6ae77accd3c4b7a,train/d6ae77accd3c4b7a.jpg,0
d6af4ca1f47a2e15,train/d6af4ca1f47a2e15.jpg,1
d6b92948e3e923b4,train/d6b92948e3e923b4.jpg,1
d6cb29ec04d13fa9,train/d6cb29ec04d13fa9.jpg,0
d6d2cd1f50a50424,train/d6d2cd1f50a50424.jpg,0
d6e6fe65c0db15d6,train/d6e6fe65c0db15d6.jpg,0
d6f47bde5631f598,train/d6f47bde5631f598.jpg,0
d708a08f4bdbb5c8,train/d708a08f4bdbb5c8.jpg,0
d74fd28c20bdb74d,train/d74fd28c20bdb74d.jpg,1
d77ef7c1fb8ffd83,train/d77ef7c1fb8ffd83.jpg,0
d780efa67367b6e0,train/d780efa67367b6e0.jpg,0
d7c0a05ad0e71a1c,train/d7c0a05ad0e71a1c.jpg,1
d7c831bfb81d76c4,train/d7c831bfb81d76c4.jpg,1
d7ea3dc226563658,train/d7ea3dc226563658.jpg,1
d7f683a1474671eb,train/d7f683a1474671eb.jpg,0
d7f6a78f6e12621c,train/d7f6a78f6e12621c.jpg,0
d80390088d926d81,train/d80390088d926d81.jpg,1
d80e44951eccd3a2,train/d80e44951eccd3a2.jpg,1
d815a8e70b8db073,train/d815a8e70b8db073.jpg,1
d82c9fe4ac037be3,train/d82c9fe4ac037be3.jpg,0
d8548e2243581a25,train/d8548e2243581a25.jpg,1
d874b5b8f16be5d0,train/d874b5b8f16be5d0.jpg,0
d885c03b7a5e62bb,train/d885c03b7a5e62bb.jpg,0
d888d5fb550e2a23,train/d888d5fb550e2a23.jpg,0
d88b65f21f60531e,train/d88b65f21f60531e.jpg,0
d91051cca58b42f3,train/d91051cca58b42f3.jpg,1
d92fc03237ce03d5,train/d92fc03237ce03d5.jpg,0
d9c574a902878484,train/d9c574a902878484.jpg,0
d9d16c2401138264,train/d9d16c2401138264.jpg,0
d9eadbd5db6d1f9b,train/d9eadbd5db6d1f9b.jpg,0
da08f0c8eafa88c2,train/da08f0c8eafa88c2.jpg,0
da3293aaa7434d4e,train/da3293aaa7434d4e.jpg,1
da3477b5f416a1b6,train/da3477b5f416a1b6.jpg,0
da725114f4906440,train/da725114f4906440.jpg,0
daaaabe6dac52557,train/daaaabe6dac52557.jpg,0
dab9a3ae9d6213be,train/dab9a3ae9d6213be.jpg,1
dae9e93589c67096,train/dae9e93589c67096.jpg,0
daebf200a0db20c1,train/daebf200a0db20c1.jpg,0
daf34c6b27d5a48f,train/daf34c6b27d5a48f.jpg,1
daf356ce581d2d2b,train/daf356ce581d2d2b.jpg,0
db09577a78e5aa33,train/db09577a78e5aa33.jpg,0
db11033f12d95e75,train/db11033f12d95e75.jpg,0
db426e13ea92b581,train/db426e13ea92b581.jpg,0
db5b3e599df2ea70,train/db5b3e599df2ea70.jpg,0
db6af4d781e777b3,train/db6af4d781e777b3.jpg,0
db7d4f15f5aa3621,train/db7d4f15f5aa3621.jpg,0
dba3caab88b85b0c,train/dba3caab88b85b0c.jpg,0
dba71bf84f28527e,train/dba71bf84f28527e.jpg,0
dbaa4142ca6008e8,train/dbaa4142ca6008e8.jpg,1
dbabec3cbbc4e1e6,train/dbabec3cbbc4e1e6.jpg,0
dbd8bd8bdff76997,train/dbd8bd8bdff76997.jpg,1
dbf71c77f2fd3b8c,train/dbf71c77f2fd3b8c.jpg,0
dc1f5fce56c76358,train/dc1f5fce56c76358.jpg,0
dc2056bf570322fd,train/dc2056bf570322fd.jpg,0
dc3240080f47a97c,train/dc3240080f47a97c.jpg,0
dc461605902925ac,train/dc461605902925ac.jpg,0
dc4aff3585699e6d,train/dc4aff3585699e6d.jpg,0
dc61c7ada38a377f,train/dc61c7ada38a377f.jpg,1
dc6a3e307f5dbf13,train/dc6a3e307f5dbf13.jpg,1
dc7e9d54e8d866ea,train/dc7e9d54e8d866ea.jpg,0
dc8f4cf24e6a683b,train/dc8f4cf24e6a683b.jpg,0
dcd819e24f729174,train/dcd819e24f729174.jpg,1
dcde8a5470154287,train/dcde8a5470154287.jpg,1
dce21b36d46be919,train/dce21b36d46be919.jpg,0
dce9d0f43634aab6,train/dce9d0f43634aab6.jpg,1
dcf2bd63305cb98a,train/dcf2bd63305cb98a.jpg,1
dcf42a66fc0ce548,train/dcf42a66fc0ce548.jpg,0
dd5922c4fcadede7,train/dd5922c4fcadede7.jpg,1
dd5ea0930a5c0b73,train/dd5ea0930a5c0b73.jpg,1
dd78c16d03265d9e,train/dd78c16d03265d9e.jpg,1
dd8a5d3fc3fc3e3e,train/dd8a5d3fc3fc3e3e.jpg,0
dd8ecd6fb5008207,train/dd8ecd6fb5008207.jpg,1
dda300b4f5204b2b,train/dda300b4f5204b2b.jpg,0
ddaaa14d1d48f353,train/ddaaa14d1d48f353.jpg,0
ddbe862140e845b2,train/ddbe862140e845b2.jpg,1
ddd2fea9de4ef0de,train/ddd2fea9de4ef0de.jpg,0
ddda4ca4831f4837,train/ddda4ca4831f4837.jpg,0
ddebf63940e0bb5d,train/ddebf63940e0bb5d.jpg,0
de0e6fba757a9f49,train/de0e6fba757a9f49.jpg,1
de2a544a5505a137,train/de2a544a5505a137.jpg,1
de6c1879c9b6d913,train/de6c1879c9b6d913.jpg,0
de71848906f1415a,train/de71848906f1415a.jpg,1
de9a5c523fb347a7,train/de9a5c523fb347a7.jpg,0
de9bcc49458deac6,train/de9bcc49458deac6.jpg,1
dea1950e81840d8b,train/dea1950e81840d8b.jpg,0
dec8977a2879611e,train/dec8977a2879611e.jpg,0
ded2275df42711be,train/ded2275df42711be.jpg,0
dee546dce04eb16a,train/dee546dce04eb16a.jpg,1
def9dc34cf5d13c1,train/def9dc34cf5d13c1.jpg,0
defc2e9db6e4e882,train/defc2e9db6e4e882.jpg,0
df004e11e9aa2465,train/df004e11e9aa2465.jpg,0
df1c1aa4a666c699,train/df1c1aa4a666c699.jpg,0
df277c20e36b3f9a,train/df277c20e36b3f9a.jpg,0
df2799f27ce34ed8,train/df2799f27ce34ed8.jpg,1
df34aeade73e3730,train/df34aeade73e3730.jpg,0
df3c96e2ef159088,train/df3c96e2ef159088.jpg,0
df4d26a6a584ab66,train/df4d26a6a584ab66.jpg,0
df59642a51b429ce,train/df59642a51b429ce.jpg,0
df68e799282727cc,train/df68e799282727cc.jpg,0
df7463161223f592,train/df7463161223f592.jpg,0
dfa7f9b75995c775,train/dfa7f9b75995c775.jpg,0
dfc777631316b72d,train/dfc777631316b72d.jpg,0
dfddd3483f9c2dce,train/dfddd3483f9c2dce.jpg,0
e033f8bd78419036,train/e033f8bd78419036.jpg,1
e03e65682a8d9aab,train/e03e65682a8d9aab.jpg,1
e03eb2a616835163,train/e03eb2a616835163.jpg,0
e0402cc7e1144e50,train/e0402cc7e1144e50.jpg,0
e04ce390820db828,train/e04ce390820db828.jpg,0
e04d643be62d60d6,train/e04d643be62d60d6.jpg,1
e05bfcdcf191a39c,train/e05bfcdcf191a39c.jpg,0
e06bfb0191883095,train/e06bfb0191883095.jpg,1
e076d68bcc44b2b4,train/e076d68bcc44b2b4.jpg,1
e07a15e3c5473458,train/e07a15e3c5473458.jpg,1
e09cb33a6af8874f,train/e09cb33a6af8874f.jpg,0
e0abe42ddbec9887,train/e0abe42ddbec9887.jpg,0
e0b23047cc3fd9f4,train/e0b23047cc3fd9f4.jpg,1
e0ba34475e907b25,train/e0ba34475e907b25.jpg,0
e0d4d77e8fb47c9a,train/e0d4d77e8fb47c9a.jpg,1
e0df786f80d8a06e,train/e0df786f80d8a06e.jpg,0
e0eb6a95641f6d04,train/e0eb6a95641f6d04.jpg,0
e108571a46cff37e,train/e108571a46cff37e.jpg,0
e115d04c761643b0,train/e115d04c761643b0.jpg,0
e118a6211b385c44,train/e118a6211b385c44.jpg,1
e1295d7ce6b60e77,train/e1295d7ce6b60e77.jpg,1
e13440e1c32bcda7,train/e13440e1c32bcda7.jpg,1
e164fa0ebb5369c8,train/e164fa0ebb5369c8.jpg,1
e165513abb8dd718,train/e165513abb8dd718.jpg,0
e18c811aa55188af,train/e18c811aa55188af.jpg,0
e1abf8ecf3201d69,train/e1abf8ecf3201d69.jpg,0
e1af98525161c7a1,train/e1af98525161c7a1.jpg,0
e1c2b7d97930fca8,train/e1c2b7d97930fca8.jpg,0
e1c93bdece6c9aaa,train/e1c93bdece6c9aaa.jpg,0
e1eac8ccfa7167f5,train/e1eac8ccfa7167f5.jpg,1
e1f1f8b92f8853dc,train/e1f1f8b92f8853dc.jpg,1
e1f4a85c7faa88c2,train/e1f4a85c7faa88c2.jpg,1
e2099d08cbeece1f,train/e2099d08cbeece1f.jpg,1
e21af59309610fcc,train/e21af59309610fcc.jpg,0
e232391799a117c4,train/e232391799a117c4.jpg,1
e24727f3512e0d2c,train/e24727f3512e0d2c.jpg,0
e292e66d3f76b289,train/e292e66d3f76b289.jpg,1
e29794c2d924132e,train/e29794c2d924132e.jpg,1
e2b001dcc1a05710,train/e2b001dcc1a05710.jpg,1
e2bc131c7f84a81b,train/e2bc131c7f84a81b.jpg,0
e31d8d0cab2d2d7a,train/e31d8d0cab2d2d7a.jpg,0
e339187dc0553728,train/e339187dc0553728.jpg,0
e341563fc6b68c01,train/e341563fc6b68c01.jpg,0
e3645cddd8b57b88,train/e3645cddd8b57b88.jpg,0
e39f83175e436e99,train/e39f83175e436e99.jpg,1
e3a44b796fd5553a,train/e3a44b796fd5553a.jpg,0
e3ed40d5a43739de,train/e3ed40d5a43739de.jpg,1
e3ed9c24ba025528,train/e3ed9c24ba025528.jpg,1
e40d0f1bfaf1b771,train/e40d0f1bfaf1b771.jpg,0
e40e054b97a90d33,train/e40e054b97a90d33.jpg,0
e430a8562c4cfb75,train/e430a8562c4cfb75.jpg,0
e478b29d6bcb35fc,train/e478b29d6bcb35fc.jpg,0
e47db27405219568,train/e47db27405219568.jpg,0
e47f79efeda8df7a,train/e47f79efeda8df7a.jpg,0
e490a14443bbefac,train/e490a14443bbefac.jpg,1
e4be3b3620c6c285,train/e4be3b3620c6c285.jpg,0
e4d341eff7bf8718,train/e4d341eff7bf8718.jpg,1
e54ede1109502b71,train/e54ede1109502b71.jpg,0
e554da87cf44dc44,train/e554da87cf44dc44.jpg,1
e57770ac1d937b7d,train/e57770ac1d937b7d.jpg,0
e5da57b2d186aba9,train/e5da57b2d186aba9.jpg,0
e62d03fbf0988d99,train/e62d03fbf0988d99.jpg,0
e6331386773bee2b,train/e6331386773bee2b.jpg,0
e658df482dbd9b9e,train/e658df482dbd9b9e.jpg,0
e65b5f959a05d6ed,train/e65b5f959a05d6ed.jpg,0
e665bf6ece178887,train/e665bf6ece178887.jpg,0
e69d2eeab2a04d5e,train/e69d2eeab2a04d5e.jpg,0
e6b753d0aa616182,train/e6b753d0aa616182.jpg,1
e70f488cd8152354,train/e70f488cd8152354.jpg,0
e711900b500cceb0,train/e711900b500cceb0.jpg,0
e72c2ffefb939669,train/e72c2ffefb939669.jpg,0
e737c2f99fbe66b1,train/e737c2f99fbe66b1.jpg,0
e7864e4a58e7b93a,train/e7864e4a58e7b93a.jpg,1
e79dde4b438e3dc0,train/e79dde4b438e3dc0.jpg,0
e7a642cbd9c37fa1,train/e7a642cbd9c37fa1.jpg,1
e7cc648f791637db,train/e7cc648f791637db.jpg,1
e7d85d8571c3fa21,train/e7d85d8571c3fa21.jpg,0
e7e15df1d7f14e4a,train/e7e15df1d7f14e4a.jpg,0
e7faa3501985cb97,train/e7faa3501985cb97.jpg,0
e81918f625be3d00,train/e81918f625be3d00.jpg,0
e89330ed4dc46298,train/e89330ed4dc46298.jpg,1
e8a634dcadf1899a,train/e8a634dcadf1899a.jpg,1
e8eef98d8d85c3c6,train/e8eef98d8d85c3c6.jpg,1
e8f6467c9083349d,train/e8f6467c9083349d.jpg,0
e8fa3e2f4576a87f,train/e8fa3e2f4576a87f.jpg,0
e8fb92caf9a19c63,train/e8fb92caf9a19c63.jpg,0
e94446308e2d582c,train/e94446308e2d582c.jpg,0
e951bce2484bd6ad,train/e951bce2484bd6ad.jpg,0
e958720715eb68be,train/e958720715eb68be.jpg,0
e96eb1b16d9a8afd,train/e96eb1b16d9a8afd.jpg,0
e97427c77f959385,train/e97427c77f959385.jpg,0
e981ae69672ad248,train/e981ae69672ad248.jpg,0
e9914051fc9c5d16,train/e9914051fc9c5d16.jpg,0
e99a357349f4fa8c,train/e99a357349f4fa8c.jpg,0
e9a512fe07934a27,train/e9a512fe07934a27.jpg,0
e9a9c1410bc8d0e5,train/e9a9c1410bc8d0e5.jpg,0
e9c22680f6314c17,train/e9c22680f6314c17.jpg,0
e9d57ea338a74ad9,train/e9d57ea338a74ad9.jpg,0
e9f429c05f02c8f9,train/e9f429c05f02c8f9.jpg,0
e9fd6a8bf491993b,train/e9fd6a8bf491993b.jpg,0
ea054dbcc73d7800,train/ea054dbcc73d7800.jpg,0
ea65362088cebfb6,train/ea65362088cebfb6.jpg,0
ea916145f155ea07,train/ea916145f155ea07.jpg,0
ea99853e4be463ec,train/ea99853e4be463ec.jpg,1
eaacf5f66b39f5d5,train/eaacf5f66b39f5d5.jpg,0
eab558729b218c14,train/eab558729b218c14.jpg,0
eab5cd74da79b9aa,train/eab5cd74da79b9aa.jpg,0
eabf803f931d9b66,train/eabf803f931d9b66.jpg,1
eacceb074e36f57f,train/eacceb074e36f57f.jpg,1
eaf637d3b8cb2a27,train/eaf637d3b8cb2a27.jpg,0
eb006584b48b25fc,train/eb006584b48b25fc.jpg,1
eb01a3a30685b86a,train/eb01a3a30685b86a.jpg,1
eb14d84d232dba9e,train/eb14d84d232dba9e.jpg,1
eb2c89dc81323dcf,train/eb2c89dc81323dcf.jpg,0
eb37075197bf1330,train/eb37075197bf1330.jpg,0
eb3f78d94ce717a3,train/eb3f78d94ce717a3.jpg,0
eb46b2a16cd30c8e,train/eb46b2a16cd30c8e.jpg,0
eb571bb8d7d07a0c,train/eb571bb8d7d07a0c.jpg,0
eb8b04aed34d9d1c,train/eb8b04aed34d9d1c.jpg,0
eb8dfa7b292544de,train/eb8dfa7b292544de.jpg,1
ebcc4c7bfdb17250,train/ebcc4c7bfdb17250.jpg,0
ebe6c26043d87485,train/ebe6c26043d87485.jpg,0
ec00d22ac560dd5d,train/ec00d22ac560dd5d.jpg,0
ec0315573f7c9a1d,train/ec0315573f7c9a1d.jpg,0
ec4e5be571b82cac,train/ec4e5be571b82cac.jpg,0
ec52b91e4dbdfe33,train/ec52b91e4dbdfe33.jpg,0
ec5ad6aadd7dabf0,train/ec5ad6aadd7dabf0.jpg,0
ec5f75f4b5d802e7,train/ec5f75f4b5d802e7.jpg,0
ec6ae7d032fc7493,train/ec6ae7d032fc7493.jpg,0
ec6ffd60e12389c2,train/ec6ffd60e12389c2.jpg,0
ec9b4f4fb4fd9c4f,train/ec9b4f4fb4fd9c4f.jpg,0
ecb11c817613488a,train/ecb11c817613488a.jpg,0
ecc3a5b09fc19916,train/ecc3a5b09fc19916.jpg,0
eccc1fd973a3ca9f,train/eccc1fd973a3ca9f.jpg,0
ece27a5c3749715a,train/ece27a5c3749715a.jpg,1
ece4e2482bcee5c7,train/ece4e2482bcee5c7.jpg,0
ed01b0f82f0ebfb1,train/ed01b0f82f0ebfb1.jpg,1
ed2b7c3be919cbc4,train/ed2b7c3be919cbc4.jpg,1
ed3420620f918419,train/ed3420620f918419.jpg,1
ed3714fb19cb33e9,train/ed3714fb19cb33e9.jpg,0
ed9ecf70a00e65f1,train/ed9ecf70a00e65f1.jpg,1
ede88bbf451ca9d7,train/ede88bbf451ca9d7.jpg,0
edf09f450741b4c2,train/edf09f450741b4c2.jpg,1
edf8547e3fa9c77e,train/edf8547e3fa9c77e.jpg,1
edfcb5e16f28a8ca,train/edfcb5e16f28a8ca.jpg,1
ee0aa28d92cf5e18,train/ee0aa28d92cf5e18.jpg,1
ee6ec10d28f3a145,train/ee6ec10d28f3a145.jpg,0
eea4107eafd60bd9,train/eea4107eafd60bd9.jpg,0
eec4cfce30f936e2,train/eec4cfce30f936e2.jpg,0
eed6d53bfb36fe6b,train/eed6d53bfb36fe6b.jpg,0
eef89eaf432e1276,train/eef89eaf432e1276.jpg,0
ef04d81b939f42d2,train/ef04d81b939f42d2.jpg,0
ef0e172968976379,train/ef0e172968976379.jpg,0
ef1644ebaa15891e,train/ef1644ebaa15891e.jpg,0
ef5ec2c358383632,train/ef5ec2c358383632.jpg,1
ef72a3b5f0115043,train/ef72a3b5f0115043.jpg,0
ef8822a3c7d58af6,train/ef8822a3c7d58af6.jpg,0
ef89413a01b79007,train/ef89413a01b79007.jpg,1
ef96e3daee4aa8f9,train/ef96e3daee4aa8f9.jpg,0
efc1498e42ae8eeb,train/efc1498e42ae8eeb.jpg,1
efc3506809537e5e,train/efc3506809537e5e.jpg,0
efc398ea5798ab7d,train/efc398ea5798ab7d.jpg,0
efe554f68d4cc21a,train/efe554f68d4cc21a.jpg,0
f007fc3770979ba1,train/f007fc3770979ba1.jpg,0
f0091643f682dc5f,train/f0091643f682dc5f.jpg,0
f00e999293d12482,train/f00e999293d12482.jpg,0
f0402c5021b6b2c1,train/f0402c5021b6b2c1.jpg,0
f049d8fcc8e49cce,train/f049d8fcc8e49cce.jpg,0
f059765bf3e5fab2,train/f059765bf3e5fab2.jpg,0
f066be4e6c848efd,train/f066be4e6c848efd.jpg,0
f086f5e3629920b4,train/f086f5e3629920b4.jpg,0
f08a39e2e331fe46,train/f08a39e2e331fe46.jpg,0
f0977c74f24a4c8c,train/f0977c74f24a4c8c.jpg,0
f0c497709090a670,train/f0c497709090a670.jpg,0
f0c68fe0bdb2d266,train/f0c68fe0bdb2d266.jpg,0
f0e4e7943ba16ad5,train/f0e4e7943ba16ad5.jpg,0
f0f7efb1057d7c2b,train/f0f7efb1057d7c2b.jpg,0
f10c749429aadaf3,train/f10c749429aadaf3.jpg,0
f12cfc33650bf37d,train/f12cfc33650bf37d.jpg,1
f1367f4e2fa95466,train/f1367f4e2fa95466.jpg,0
f13b6209a3ad7163,train/f13b6209a3ad7163.jpg,0
f1c0a70c44167f4e,train/f1c0a70c44167f4e.jpg,0
f1f6d3aa4b9fce69,train/f1f6d3aa4b9fce69.jpg,0
f1f9f5fad4a99594,train/f1f9f5fad4a99594.jpg,1
f25dd3e8c4d224d8,train/f25dd3e8c4d224d8.jpg,1
f279b8f59f0c5c2f,train/f279b8f59f0c5c2f.jpg,1
f286084ec11ab888,train/f286084ec11ab888.jpg,1
f28c31286fe65fd1,train/f28c31286fe65fd1.jpg,1
f292c3ed22ffae6c,train/f292c3ed22ffae6c.jpg,0
f2deb3a4f9a72b93,train/f2deb3a4f9a72b93.jpg,0
f31fed3dfe8a7684,train/f31fed3dfe8a7684.jpg,0
f3444d53a57458e0,train/f3444d53a57458e0.jpg,0
f37459ffc7902d29,train/f37459ffc7902d29.jpg,0
f38b093ba4bdb321,train/f38b093ba4bdb321.jpg,0
f3a78876eccd1b43,train/f3a78876eccd1b43.jpg,0
f3b51fcb62a7c1ca,train/f3b51fcb62a7c1ca.jpg,0
f3bc073f6167036c,train/f3bc073f6167036c.jpg,0
f3cc8c34a4d159ff,train/f3cc8c34a4d159ff.jpg,0
f3d65ddcf7c893d3,train/f3d65ddcf7c893d3.jpg,0
f3f14e6a7b5d41e1,train/f3f14e6a7b5d41e1.jpg,0
f4411e7cb1576f26,train/f4411e7cb1576f26.jpg,0
f467a19c3fd30252,train/f467a19c3fd30252.jpg,1
f47df4c9d421fb5e,train/f47df4c9d421fb5e.jpg,1
f4b9831b166c5f9d,train/f4b9831b166c5f9d.jpg,1
f4befd229977ecb7,train/f4befd229977ecb7.jpg,1
f4cc9154ff1ed6c6,train/f4cc9154ff1ed6c6.jpg,0
f4e075afb0d0eec3,train/f4e075afb0d0eec3.jpg,1
f4e9760729f6001d,train/f4e9760729f6001d.jpg,0
f4feab84a7c74d81,train/f4feab84a7c74d81.jpg,1
f506e36eef850d9f,train/f506e36eef850d9f.jpg,1
f50857fb7011e636,train/f50857fb7011e636.jpg,0
f51c9dcc4216e9a3,train/f51c9dcc4216e9a3.jpg,0
f51eb3d289807be3,train/f51eb3d289807be3.jpg,0
f53080555b0595d3,train/f53080555b0595d3.jpg,0
f555a9da72f23abb,train/f555a9da72f23abb.jpg,0
f587f781474b251a,train/f587f781474b251a.jpg,0
f58b83f8e261e051,train/f58b83f8e261e051.jpg,0
f5ad4b4bae40c8ed,train/f5ad4b4bae40c8ed.jpg,0
f5b98668c4c5e670,train/f5b98668c4c5e670.jpg,0
f5c003a4b7dd40a4,train/f5c003a4b7dd40a4.jpg,1
f5cdefef1b6b48e6,train/f5cdefef1b6b48e6.jpg,0
f5e35aea639d5004,train/f5e35aea639d5004.jpg,0
f5e465ee2f31fa44,train/f5e465ee2f31fa44.jpg,0
f5edb5bdf58cec46,train/f5edb5bdf58cec46.jpg,1
f5f4e08165a5d661,train/f5f4e08165a5d661.jpg,0
f5f9456e262adf83,train/f5f9456e262adf83.jpg,0
f62ff00ebfa6d9ad,train/f62ff00ebfa6d9ad.jpg,0
f674df2b63627b5b,train/f674df2b63627b5b.jpg,0
f711cdc00fefccd0,train/f711cdc00fefccd0.jpg,1
f768bcf6093f76cc,train/f768bcf6093f76cc.jpg,0
f797850c71c186e0,train/f797850c71c186e0.jpg,1
f79b6d8e915feee3,train/f79b6d8e915feee3.jpg,0
f7dbbdfb18b489d1,train/f7dbbdfb18b489d1.jpg,1
f8004f187c567b89,train/f8004f187c567b89.jpg,0
f8035dbec43bb94f,train/f8035dbec43bb94f.jpg,0
f803b921e9e6f209,train/f803b921e9e6f209.jpg,1
f80b77ea2c420835,train/f80b77ea2c420835.jpg,0
f8642696a7f5592e,train/f8642696a7f5592e.jpg,0
f8651f13921233a9,train/f8651f13921233a9.jpg,0
f88496d8e4002230,train/f88496d8e4002230.jpg,0
f8965dee129f1324,train/f8965dee129f1324.jpg,1
f8cd064e59200606,train/f8cd064e59200606.jpg,0
f8d5874098145c4f,train/f8d5874098145c4f.jpg,0
f8e4a5e04a171051,train/f8e4a5e04a171051.jpg,0
f8e9a32efcb8d679,train/f8e9a32efcb8d679.jpg,0
f8f8c21558d1940f,train/f8f8c21558d1940f.jpg,0
f906a553eff79c90,train/f906a553eff79c90.jpg,0
f93d961f6c95f72d,train/f93d961f6c95f72d.jpg,1
f946f55b264a749f,train/f946f55b264a749f.jpg,0
f9744f56ca822aff,train/f9744f56ca822aff.jpg,1
f9d88dde3debe2de,train/f9d88dde3debe2de.jpg,0
f9f980a23d037952,train/f9f980a23d037952.jpg,1
fa088f5847ac52eb,train/fa088f5847ac52eb.jpg,0
fa3630696f3f3adb,train/fa3630696f3f3adb.jpg,1
fa4b0743eabf5809,train/fa4b0743eabf5809.jpg,1
fa5062dcb71aaa28,train/fa5062dcb71aaa28.jpg,0
fa60383bba77f5c8,train/fa60383bba77f5c8.jpg,0
fa77b2bf52287bef,train/fa77b2bf52287bef.jpg,0
fad368f35b199d7b,train/fad368f35b199d7b.jpg,1
faee11707b888b06,train/faee11707b888b06.jpg,0
fafcb2c7fcea1ccf,train/fafcb2c7fcea1ccf.jpg,0
fb286fdabb189801,train/fb286fdabb189801.jpg,1
fb4f21f9b9d01226,train/fb4f21f9b9d01226.jpg,0
fb7faf1fdf024014,train/fb7faf1fdf024014.jpg,0
fb99402d3e43723b,train/fb99402d3e43723b.jpg,0
fba18bbcf2cc3fff,train/fba18bbcf2cc3fff.jpg,1
fbd1531e98b5f3de,train/fbd1531e98b5f3de.jpg,1
fbfc6fe4d667b3d9,train/fbfc6fe4d667b3d9.jpg,0
fc192e85e06b0bd3,train/fc192e85e06b0bd3.jpg,1
fc5123e4720ad238,train/fc5123e4720ad238.jpg,0
fc5555ea64005e5b,train/fc5555ea64005e5b.jpg,0
fc60acf7fe3befb9,train/fc60acf7fe3befb9.jpg,0
fcb886cd347dd1e0,train/fcb886cd347dd1e0.jpg,1
fcee07213832dadb,train/fcee07213832dadb.jpg,1
fcf5a205462a29e6,train/fcf5a205462a29e6.jpg,1
fcf91afe5b67d592,train/fcf91afe5b67d592.jpg,0
fd1bc7a3f505a4d7,train/fd1bc7a3f505a4d7.jpg,0
fd1cd301b7c5995d,train/fd1cd301b7c5995d.jpg,0
fd2bdfc0225f2465,train/fd2bdfc0225f2465.jpg,0
fd598976414b743b,train/fd598976414b743b.jpg,0
fd6644a3127d6a5a,train/fd6644a3127d6a5a.jpg,0
fd687939d733f186,train/fd687939d733f186.jpg,1
fd723941b2349e94,train/fd723941b2349e94.jpg,0
fd9639694992257e,train/fd9639694992257e.jpg,0
fdfebb3e4260812d,train/fdfebb3e4260812d.jpg,0
fe29acc863443bb9,train/fe29acc863443bb9.jpg,0
fe5f8b4aaf3be4df,train/fe5f8b4aaf3be4df.jpg,1
fe6b8167f84cd7b1,train/fe6b8167f84cd7b1.jpg,0
fe77a2c692966cb8,train/fe77a2c692966cb8.jpg,0
fe83df4028db7425,train/fe83df4028db7425.jpg,1
feae9c25d81c57e9,train/feae9c25d81c57e9.jpg,0
fec1d7253226b0ad,train/fec1d7253226b0ad.jpg,0
fecd372ce4126172,train/fecd372ce4126172.jpg,0
fee028b13b120da4,train/fee028b13b120da4.jpg,0
ff2135a606549ff8,train/ff2135a606549ff8.jpg,0
ff52e1624a2e926b,train/ff52e1624a2e926b.jpg,0
ff562475baddb933,train/ff562475baddb933.jpg,0
ff77f10a5aa7ce05,train/ff77f10a5aa7ce05.jpg,1
